-- phpMyAdmin SQL Dump
-- version 4.8.3
-- https://www.phpmyadmin.net/
--
-- Servidor: 127.0.0.1
-- Tiempo de generación: 20-11-2023 a las 17:06:15
-- Versión del servidor: 10.1.36-MariaDB
-- Versión de PHP: 7.2.10

SET SQL_MODE = "NO_AUTO_VALUE_ON_ZERO";
SET AUTOCOMMIT = 0;
START TRANSACTION;
SET time_zone = "+00:00";


/*!40101 SET @OLD_CHARACTER_SET_CLIENT=@@CHARACTER_SET_CLIENT */;
/*!40101 SET @OLD_CHARACTER_SET_RESULTS=@@CHARACTER_SET_RESULTS */;
/*!40101 SET @OLD_COLLATION_CONNECTION=@@COLLATION_CONNECTION */;
/*!40101 SET NAMES utf8mb4 */;

--
-- Base de datos: `tienda_virtual`
--

-- --------------------------------------------------------

--
-- Estructura de tabla para la tabla `audits`
--

CREATE TABLE `audits` (
  `id` bigint(20) UNSIGNED NOT NULL,
  `user_type` varchar(191) COLLATE utf8mb4_unicode_ci DEFAULT NULL,
  `user_id` bigint(20) UNSIGNED DEFAULT NULL,
  `event` varchar(191) COLLATE utf8mb4_unicode_ci NOT NULL,
  `auditable_type` varchar(191) COLLATE utf8mb4_unicode_ci NOT NULL,
  `auditable_id` bigint(20) UNSIGNED NOT NULL,
  `old_values` text COLLATE utf8mb4_unicode_ci,
  `new_values` text COLLATE utf8mb4_unicode_ci,
  `url` text COLLATE utf8mb4_unicode_ci,
  `ip_address` varchar(45) COLLATE utf8mb4_unicode_ci DEFAULT NULL,
  `user_agent` varchar(1023) COLLATE utf8mb4_unicode_ci DEFAULT NULL,
  `tags` varchar(191) COLLATE utf8mb4_unicode_ci DEFAULT NULL,
  `created_at` timestamp NULL DEFAULT NULL,
  `updated_at` timestamp NULL DEFAULT NULL
) ENGINE=InnoDB DEFAULT CHARSET=utf8mb4 COLLATE=utf8mb4_unicode_ci;

--
-- Volcado de datos para la tabla `audits`
--

INSERT INTO `audits` (`id`, `user_type`, `user_id`, `event`, `auditable_type`, `auditable_id`, `old_values`, `new_values`, `url`, `ip_address`, `user_agent`, `tags`, `created_at`, `updated_at`) VALUES
(1, 'App\\User', 2, 'updated', 'App\\Producto', 8, '{\"descripcion_larga\":\"<ol>\\r\\n\\t<li>Elaboradas con materiales de alta calidad.<\\/li>\\r\\n\\t<li>Ideales para trabajo duro.<\\/li>\\r\\n\\t<li>Livianas y resistentes.<\\/li>\\r\\n\\t<li>Suela de material sint&eacute;tico.<\\/li>\\r\\n\\t<li>Resist\",\"especificaciones\":\"<ol>\\r\\n\\t<li>Colores: negro, azul, blanco, rojo.<\\/li>\\r\\n\\t<li>Marca: Iowa.<\\/li>\\r\\n\\t<li>Material de la suela: sint&eacute;tico.<\\/li>\\r\\n\\t<li>Pa&iacute;s de origen: E.U.<\\/li>\\r\\n\\t<li>Peso: 250 gr.<\\/li>\\r\"}', '{\"descripcion_larga\":\"<ol>\\r\\n\\t<li>Elaboradas con materiales de alta calidad.<\\/li>\\r\\n\\t<li>Ideales para trabajo duro.<\\/li>\\r\\n\\t<li>Livianas y resistentes.<\\/li>\\r\\n\\t<li>Suela de material sint&eacute;tico.<\\/li>\\r\\n\\t<li>Resist<\\/li>\\r\\n<\\/ol>\",\"especificaciones\":\"<ol>\\r\\n\\t<li>Colores: negro, azul, blanco, rojo.<\\/li>\\r\\n\\t<li>Marca: Iowa.<\\/li>\\r\\n\\t<li>Material de la suela: sint&eacute;tico.<\\/li>\\r\\n\\t<li>Pa&iacute;s de origen: E.U.<\\/li>\\r\\n\\t<li>Peso: 250 gr.<\\/li>\\r\\n\\t<li>Suela sint&eacute;tica<\\/li>\\r\\n<\\/ol>\"}', 'http://localhost/lorgeliz_tienda_copia/public/admin/product/8', '::1', 'Mozilla/5.0 (Windows NT 10.0; Win64; x64) AppleWebKit/537.36 (KHTML, like Gecko) Chrome/103.0.0.0 Safari/537.36', NULL, '2022-08-06 20:22:48', '2022-08-06 20:22:48'),
(2, 'App\\User', 2, 'created', 'App\\Producto', 44, '[]', '{\"nombre\":\"Baletas colecci\\u00f3n ecuatorial\",\"tipo_id\":\"6\",\"marca\":\"Lorgeliz\",\"precio_anterior\":\"34800\",\"precio_actual\":\"34800\",\"porcentaje_descuento\":\"0\",\"descripcion_corta\":\"<p>Baletas de alta calidad<\\/p>\",\"descripcion_larga\":\"<p>Baletas de alta calidad<\\/p>\",\"especificaciones\":\"<p>Baletas de alta calidad<\\/p>\",\"estado\":\"1\",\"slider_principal\":\"Si\",\"id\":44}', 'http://localhost/lorgeliz_tienda_copia/public/admin/product', '::1', 'Mozilla/5.0 (Windows NT 10.0; Win64; x64) AppleWebKit/537.36 (KHTML, like Gecko) Chrome/105.0.0.0 Safari/537.36', NULL, '2022-09-03 20:35:44', '2022-09-03 20:35:44'),
(3, 'App\\User', 2, 'created', 'App\\Producto', 45, '[]', '{\"nombre\":\"Baletas colecci\\u00f3n manantial\",\"tipo_id\":\"6\",\"marca\":\"Lorgeliz\",\"precio_anterior\":\"54000\",\"precio_actual\":\"54000\",\"porcentaje_descuento\":\"0\",\"descripcion_corta\":\"<p>Baletas colecci&oacute;n manantial<\\/p>\",\"descripcion_larga\":\"<p>Baletas colecci&oacute;n manantial<\\/p>\",\"especificaciones\":\"<p>Baletas colecci&oacute;n manantial<\\/p>\",\"estado\":\"1\",\"slider_principal\":\"Si\",\"id\":45}', 'http://localhost/lorgeliz_tienda_copia/public/admin/product', '::1', 'Mozilla/5.0 (Windows NT 10.0; Win64; x64) AppleWebKit/537.36 (KHTML, like Gecko) Chrome/105.0.0.0 Safari/537.36', NULL, '2022-09-03 20:45:12', '2022-09-03 20:45:12'),
(4, 'App\\User', 2, 'created', 'App\\Producto', 46, '[]', '{\"nombre\":\"Baletas colecci\\u00f3n floral\",\"tipo_id\":\"6\",\"marca\":\"Lorgeliz\",\"precio_anterior\":\"67000\",\"precio_actual\":\"67000\",\"porcentaje_descuento\":\"0\",\"descripcion_corta\":\"<p>Baletas colecci&oacute;n floral<\\/p>\",\"descripcion_larga\":\"<p>Baletas colecci&oacute;n floral<\\/p>\",\"especificaciones\":\"<p>Baletas colecci&oacute;n floral<\\/p>\",\"estado\":\"1\",\"slider_principal\":\"No\",\"id\":46}', 'http://localhost/lorgeliz_tienda_copia/public/admin/product', '::1', 'Mozilla/5.0 (Windows NT 10.0; Win64; x64) AppleWebKit/537.36 (KHTML, like Gecko) Chrome/105.0.0.0 Safari/537.36', NULL, '2022-09-16 01:38:33', '2022-09-16 01:38:33');

-- --------------------------------------------------------

--
-- Estructura de tabla para la tabla `carritos`
--

CREATE TABLE `carritos` (
  `id` int(10) UNSIGNED NOT NULL,
  `fecha` datetime NOT NULL,
  `subtotal` decimal(10,0) NOT NULL,
  `envio` decimal(10,0) NOT NULL,
  `total` decimal(10,0) NOT NULL,
  `cliente_id` int(10) UNSIGNED NOT NULL,
  `estado` varchar(12) COLLATE utf8mb4_unicode_ci NOT NULL,
  `created_at` timestamp NULL DEFAULT NULL,
  `updated_at` timestamp NULL DEFAULT NULL
) ENGINE=InnoDB DEFAULT CHARSET=utf8mb4 COLLATE=utf8mb4_unicode_ci;

--
-- Volcado de datos para la tabla `carritos`
--

INSERT INTO `carritos` (`id`, `fecha`, `subtotal`, `envio`, `total`, `cliente_id`, `estado`, `created_at`, `updated_at`) VALUES
(29, '2020-07-18 15:58:20', '0', '0', '467000', 1, '0', '2020-07-18 21:03:20', '2020-08-31 19:33:53'),
(30, '2020-08-31 15:11:31', '0', '0', '347000', 1, '0', '2020-08-31 20:11:31', '2020-09-02 20:49:51'),
(32, '2020-09-07 10:48:39', '0', '0', '145000', 1, '0', '2020-09-07 15:48:39', '2020-09-07 15:53:16'),
(33, '2020-09-07 11:17:44', '0', '0', '145000', 1, '0', '2020-09-07 16:17:44', '2020-09-07 16:19:21'),
(34, '2020-10-04 10:25:46', '0', '0', '343650', 1, '0', '2020-10-04 15:25:46', '2020-10-04 17:59:25'),
(35, '2020-10-04 13:27:32', '0', '0', '208650', 1, '0', '2020-10-04 18:27:32', '2020-10-04 18:31:32'),
(36, '2020-10-05 10:31:46', '0', '0', '280000', 1, '0', '2020-10-05 15:31:46', '2020-10-05 16:26:00'),
(40, '2020-10-06 12:58:13', '0', '0', '272300', 1, '0', '2020-10-06 17:58:13', '2020-10-12 15:42:53'),
(41, '2020-10-12 10:50:02', '0', '0', '183650', 1, '0', '2020-10-12 15:50:02', '2020-10-12 15:54:12'),
(42, '2020-10-12 11:35:24', '0', '0', '194000', 1, '0', '2020-10-12 16:35:24', '2020-10-12 16:39:24'),
(43, '2020-10-12 11:53:18', '0', '0', '150000', 1, '0', '2020-10-12 16:53:18', '2020-10-12 17:03:23'),
(44, '2020-10-13 13:18:15', '0', '0', '230000', 1, '0', '2020-10-13 18:18:15', '2020-10-13 18:24:23'),
(45, '2020-10-15 10:52:28', '0', '0', '460000', 1, '0', '2020-10-15 15:52:28', '2020-11-08 16:08:43'),
(46, '2020-11-16 11:12:50', '0', '0', '424000', 1, '0', '2020-11-16 16:12:50', '2020-11-16 23:04:57'),
(47, '2020-11-16 18:09:42', '0', '0', '420000', 1, '0', '2020-11-16 23:09:42', '2020-11-16 23:12:27'),
(48, '2020-11-17 11:24:52', '0', '0', '535000', 1, '0', '2020-11-17 16:24:52', '2020-11-21 18:16:30'),
(49, '2020-11-21 16:43:18', '0', '0', '63650', 1, '0', '2020-11-21 21:43:18', '2020-11-21 21:44:16'),
(50, '2020-11-21 16:57:57', '0', '0', '134000', 1, '0', '2020-11-21 21:57:57', '2020-11-21 21:58:57'),
(51, '2020-11-25 17:01:50', '0', '0', '145000', 1, '0', '2020-11-25 22:01:50', '2020-11-25 22:03:01'),
(52, '2020-11-25 17:04:47', '0', '0', '90000', 1, '0', '2020-11-25 22:04:47', '2020-11-25 22:05:40'),
(53, '2020-11-25 18:05:54', '0', '0', '60000', 1, '0', '2020-11-25 23:05:54', '2020-11-25 23:06:19'),
(54, '2020-11-25 18:08:03', '0', '0', '60000', 1, '0', '2020-11-25 23:08:03', '2020-11-25 23:09:27'),
(55, '2020-11-26 15:07:44', '0', '0', '145000', 1, '0', '2020-11-26 20:07:44', '2020-11-26 20:11:44'),
(56, '2020-11-26 15:18:03', '0', '0', '90000', 1, '0', '2020-11-26 20:18:03', '2020-11-26 20:19:34'),
(57, '2020-11-27 10:51:08', '0', '0', '134000', 1, '0', '2020-11-27 15:51:08', '2020-11-27 15:51:46'),
(58, '2020-11-27 11:57:53', '0', '0', '60000', 1, '0', '2020-11-27 16:57:53', '2020-11-27 16:58:16'),
(59, '2020-11-28 10:28:43', '0', '0', '380000', 1, '0', '2020-11-28 15:28:43', '2020-12-08 15:45:32'),
(60, '2020-12-08 11:16:21', '0', '0', '180000', 1, '0', '2020-12-08 16:16:21', '2020-12-08 16:31:16'),
(61, '2020-12-08 12:43:32', '0', '0', '90000', 1, '0', '2020-12-08 17:43:32', '2020-12-08 17:45:01'),
(62, '2020-12-08 13:18:46', '0', '0', '134000', 1, '0', '2020-12-08 18:18:46', '2020-12-08 19:04:34'),
(63, '2020-12-08 14:15:19', '0', '0', '180000', 1, '0', '2020-12-08 19:15:19', '2020-12-08 21:06:23'),
(65, '2020-12-11 16:16:06', '0', '0', '420000', 1, '0', '2020-12-11 21:16:06', '2020-12-12 15:34:19'),
(66, '2020-12-12 10:40:55', '0', '0', '60000', 1, '0', '2020-12-12 15:40:55', '2020-12-12 15:41:22'),
(68, '2020-12-13 10:30:56', '0', '0', '60000', 1, '0', '2020-12-13 15:30:56', '2020-12-13 15:32:11'),
(69, '2020-12-13 16:26:36', '0', '0', '300000', 1, '0', '2020-12-13 21:26:36', '2020-12-15 20:31:15'),
(70, '2020-12-15 15:52:30', '0', '0', '194000', 1, '0', '2020-12-15 20:52:30', '2020-12-15 20:58:19'),
(71, '2020-12-15 16:04:23', '0', '0', '180000', 1, '0', '2020-12-15 21:04:23', '2020-12-15 21:08:50'),
(72, '2020-12-16 10:32:00', '0', '0', '280950', 1, '0', '2020-12-16 15:32:00', '2020-12-18 15:53:56'),
(73, '2020-12-16 17:43:56', '0', '0', '140000', 3, '0', '2020-12-16 22:43:56', '2020-12-16 22:57:03'),
(74, '2020-12-17 10:44:42', '0', '0', '60000', 3, '0', '2020-12-17 15:44:42', '2020-12-17 15:46:45'),
(75, '2020-12-17 11:03:34', '0', '0', '60000', 3, '0', '2020-12-17 16:03:34', '2020-12-17 16:04:08'),
(76, '2020-12-18 11:02:40', '0', '0', '659772', 1, '0', '2020-12-18 16:02:40', '2020-12-24 17:02:30'),
(77, '2020-12-24 12:19:40', '0', '0', '1361406', 1, '0', '2020-12-24 17:19:40', '2021-01-13 00:42:21'),
(78, '2021-01-13 16:20:57', '0', '0', '1090332', 1, '0', '2021-01-13 21:20:57', '2021-01-13 21:27:03'),
(79, '2021-01-21 10:54:07', '0', '0', '60000', 1, '0', '2021-01-21 15:54:07', '2021-01-21 16:13:14'),
(80, '2021-01-21 11:19:52', '0', '0', '674166', 1, '0', '2021-01-21 16:19:52', '2021-02-25 20:10:58'),
(81, '2021-02-08 10:52:50', '0', '0', '83895', 3, '0', '2021-02-08 15:52:50', '2021-02-08 16:06:49'),
(82, '2021-02-08 11:13:32', '114000', '0', '114000', 3, '1', '2021-02-08 16:13:32', '2023-03-15 18:29:01'),
(83, '2021-02-16 17:20:47', '0', '0', '61880', 6, '0', '2021-02-16 22:20:47', '2021-02-16 22:29:52'),
(84, '2021-02-26 11:04:23', '0', '0', '787332', 1, '0', '2021-02-26 16:04:23', '2021-03-12 21:57:06'),
(85, '2021-03-12 17:00:04', '0', '0', '133000', 1, '0', '2021-03-12 22:00:04', '2021-03-12 22:03:05'),
(86, '2021-03-12 17:10:43', '0', '0', '127300', 1, '0', '2021-03-12 22:10:43', '2021-03-12 22:11:18'),
(87, '2021-03-12 17:14:41', '0', '0', '210000', 1, '0', '2021-03-12 22:14:41', '2021-03-15 15:55:33'),
(88, '2021-03-15 10:57:23', '0', '0', '733314', 1, '0', '2021-03-15 15:57:23', '2021-03-26 01:33:42'),
(90, '2021-03-21 11:10:43', '0', '0', '90000', 2, '1', '2021-03-21 16:10:43', '2021-03-21 16:10:43'),
(92, '2021-04-04 10:15:28', '0', '0', '266000', 1, '0', '2021-04-04 15:15:28', '2021-05-02 16:19:08'),
(94, '2021-05-02 11:24:42', '0', '0', '90000', 1, '0', '2021-05-02 16:24:42', '2021-05-02 16:25:38'),
(97, '2021-05-02 11:29:27', '0', '0', '60000', 1, '0', '2021-05-02 16:29:27', '2021-05-02 16:30:32'),
(98, '2021-05-02 11:32:59', '0', '0', '60000', 1, '0', '2021-05-02 16:32:59', '2021-05-02 16:33:21'),
(99, '2021-05-02 12:09:52', '0', '0', '74166', 1, '0', '2021-05-02 17:09:52', '2021-05-02 17:11:06'),
(100, '2021-05-02 12:14:41', '0', '0', '60000', 1, '0', '2021-05-02 17:14:41', '2021-05-02 17:15:22'),
(101, '2021-05-04 11:10:48', '0', '0', '60000', 1, '0', '2021-05-04 16:10:48', '2021-05-04 16:14:11'),
(102, '2021-05-04 11:16:20', '0', '0', '150000', 1, '0', '2021-05-04 16:16:20', '2021-05-04 16:18:38'),
(103, '2021-05-04 11:33:19', '0', '0', '208166', 1, '0', '2021-05-04 16:33:19', '2021-05-04 16:34:37'),
(104, '2021-05-04 12:22:18', '0', '0', '134166', 1, '0', '2021-05-04 17:22:18', '2021-05-04 17:27:44'),
(105, '2021-05-08 10:34:00', '0', '0', '601816', 1, '0', '2021-05-08 15:34:00', '2021-11-08 15:49:44'),
(108, '2021-11-08 10:57:17', '0', '0', '120000', 1, '0', '2021-11-08 15:57:17', '2021-11-09 17:16:01'),
(109, '2021-11-09 12:19:26', '0', '0', '210000', 1, '0', '2021-11-09 17:19:26', '2021-11-09 17:22:47'),
(110, '2021-11-09 12:26:52', '0', '0', '194166', 1, '0', '2021-11-09 17:26:52', '2021-11-09 17:29:14'),
(111, '2021-11-09 12:43:07', '0', '0', '194166', 1, '0', '2021-11-09 17:43:07', '2021-11-09 17:45:24'),
(112, '2021-11-09 12:47:46', '0', '0', '386000', 1, '0', '2021-11-09 17:47:46', '2021-11-09 17:51:43'),
(113, '2021-11-09 13:06:00', '0', '0', '193000', 1, '0', '2021-11-09 18:06:00', '2021-11-09 18:19:34'),
(114, '2021-11-09 13:24:33', '0', '0', '180000', 1, '0', '2021-11-09 18:24:33', '2021-11-09 18:29:50'),
(115, '2021-11-09 13:37:32', '0', '0', '120000', 1, '0', '2021-11-09 18:37:32', '2021-11-09 18:38:51'),
(116, '2021-11-09 13:45:10', '0', '0', '120000', 1, '0', '2021-11-09 18:45:10', '2021-11-09 18:46:10'),
(117, '2021-11-09 14:11:12', '0', '0', '60000', 1, '0', '2021-11-09 19:11:13', '2021-11-09 19:11:51'),
(118, '2021-11-09 14:24:34', '0', '0', '120000', 1, '0', '2021-11-09 19:24:34', '2021-11-09 19:25:56'),
(119, '2021-11-09 14:34:52', '0', '0', '120000', 1, '0', '2021-11-09 19:34:52', '2021-11-09 19:36:58'),
(120, '2021-11-09 14:38:44', '0', '0', '120000', 1, '0', '2021-11-09 19:38:44', '2021-11-09 19:40:06'),
(121, '2021-11-09 14:41:11', '0', '0', '120000', 1, '0', '2021-11-09 19:41:11', '2021-11-09 19:42:04'),
(122, '2021-11-09 14:47:55', '0', '0', '120000', 1, '0', '2021-11-09 19:47:55', '2021-11-09 19:53:21'),
(123, '2021-11-09 14:55:57', '0', '0', '120000', 1, '0', '2021-11-09 19:55:57', '2021-11-09 19:57:04'),
(124, '2021-11-09 14:58:32', '0', '0', '120000', 1, '0', '2021-11-09 19:58:32', '2021-11-09 19:59:37'),
(125, '2021-11-09 15:00:54', '0', '0', '120000', 1, '0', '2021-11-09 20:00:54', '2021-11-09 20:01:44'),
(126, '2021-11-09 15:04:22', '0', '0', '120000', 1, '0', '2021-11-09 20:04:22', '2021-11-09 20:05:13'),
(127, '2021-11-09 15:10:21', '0', '0', '120000', 1, '0', '2021-11-09 20:10:21', '2021-11-09 20:12:10'),
(128, '2021-11-09 15:16:10', '0', '0', '120000', 1, '0', '2021-11-09 20:16:10', '2021-11-09 20:17:01'),
(129, '2021-11-09 15:19:25', '0', '0', '120000', 1, '0', '2021-11-09 20:19:25', '2021-11-09 20:20:33'),
(130, '2021-11-09 15:22:27', '0', '0', '120000', 1, '0', '2021-11-09 20:22:27', '2021-11-09 20:23:43'),
(131, '2021-11-09 15:24:55', '0', '0', '120000', 1, '0', '2021-11-09 20:24:55', '2021-11-09 20:26:09'),
(132, '2021-11-09 15:38:58', '0', '0', '120000', 1, '0', '2021-11-09 20:38:58', '2021-11-09 20:39:54'),
(133, '2021-11-09 15:45:08', '0', '0', '120000', 1, '0', '2021-11-09 20:45:08', '2021-11-09 20:46:49'),
(134, '2021-11-09 15:49:01', '0', '0', '120000', 1, '0', '2021-11-09 20:49:01', '2021-11-09 20:50:14'),
(135, '2021-11-09 15:51:52', '0', '0', '120000', 1, '0', '2021-11-09 20:51:52', '2021-11-09 20:52:37'),
(136, '2021-11-09 16:48:26', '0', '0', '388332', 1, '0', '2021-11-09 21:48:26', '2021-11-09 21:52:09'),
(137, '2021-11-09 16:54:42', '0', '0', '194166', 1, '0', '2021-11-09 21:54:42', '2021-11-09 21:58:34'),
(138, '2021-11-10 11:48:53', '0', '0', '254166', 1, '0', '2021-11-10 16:48:53', '2021-11-10 16:52:28'),
(139, '2021-11-10 11:58:07', '0', '0', '194166', 1, '0', '2021-11-10 16:58:07', '2021-11-10 16:59:43'),
(140, '2021-11-10 12:40:28', '0', '0', '194166', 1, '0', '2021-11-10 17:40:28', '2021-11-10 17:42:59'),
(142, '2021-11-10 13:02:43', '0', '0', '194166', 1, '0', '2021-11-10 18:02:43', '2021-11-10 18:04:18'),
(143, '2021-11-10 13:05:41', '0', '0', '194166', 1, '0', '2021-11-10 18:05:41', '2021-11-10 18:07:11'),
(145, '2021-11-10 13:53:19', '0', '0', '194166', 1, '0', '2021-11-10 18:53:19', '2021-11-10 19:04:58'),
(146, '2021-11-10 14:07:54', '0', '0', '134166', 1, '0', '2021-11-10 19:07:54', '2021-11-10 19:12:11'),
(147, '2021-11-23 12:55:36', '0', '0', '265000', 1, '0', '2021-11-23 17:55:36', '2022-04-24 18:56:10'),
(151, '2022-08-07 14:27:33', '0', '0', '120000', 1, '0', '2022-08-07 19:27:33', '2022-08-07 19:27:59'),
(152, '2022-08-21 13:08:34', '0', '0', '120000', 1, '0', '2022-08-21 18:08:34', '2022-08-21 18:20:47'),
(153, '2022-09-18 13:39:54', '90000', '8000', '98000', 1, '0', '2022-09-18 18:39:54', '2022-09-18 19:14:46'),
(154, '2022-11-13 13:45:52', '240000', '8000', '248000', 1, '0', '2022-11-13 18:45:52', '2023-01-02 18:02:05'),
(155, '2023-01-22 12:43:43', '277000', '8000', '285000', 1, '0', '2023-01-22 17:43:43', '2023-01-22 17:48:23'),
(156, '2023-03-01 13:15:57', '1152265', '8000', '1160265', 1, '1', '2023-03-01 18:15:57', '2023-03-14 22:55:12');

-- --------------------------------------------------------

--
-- Estructura de tabla para la tabla `carrito_producto`
--

CREATE TABLE `carrito_producto` (
  `id` int(11) NOT NULL,
  `carrito_id` int(10) UNSIGNED NOT NULL,
  `producto_referencia_id` int(11) NOT NULL,
  `cantidad` int(11) NOT NULL
) ENGINE=InnoDB DEFAULT CHARSET=utf8mb4 COLLATE=utf8mb4_unicode_ci;

--
-- Volcado de datos para la tabla `carrito_producto`
--

INSERT INTO `carrito_producto` (`id`, `carrito_id`, `producto_referencia_id`, `cantidad`) VALUES
(2, 29, 4, 1),
(3, 29, 5, 1),
(4, 29, 11, 2),
(5, 30, 11, 2),
(6, 30, 4, 1),
(8, 32, 6, 1),
(9, 33, 6, 1),
(10, 34, 11, 2),
(11, 34, 4, 1),
(12, 35, 4, 1),
(13, 35, 6, 1),
(14, 36, 19, 2),
(20, 40, 4, 2),
(21, 40, 6, 1),
(22, 41, 4, 1),
(23, 41, 5, 1),
(24, 42, 17, 1),
(25, 42, 8, 1),
(26, 43, 7, 1),
(27, 43, 17, 1),
(28, 44, 11, 1),
(29, 44, 7, 1),
(30, 45, 11, 2),
(31, 45, 7, 1),
(32, 46, 8, 1),
(33, 46, 6, 2),
(34, 47, 19, 3),
(39, 48, 6, 1),
(40, 48, 7, 1),
(42, 48, 20, 1),
(43, 48, 5, 2),
(44, 49, 4, 1),
(45, 50, 8, 1),
(46, 51, 6, 1),
(47, 52, 7, 1),
(48, 53, 20, 1),
(49, 54, 17, 1),
(50, 55, 6, 1),
(51, 56, 7, 1),
(52, 57, 8, 1),
(53, 58, 13, 1),
(54, 59, 6, 2),
(55, 59, 7, 1),
(56, 60, 21, 3),
(57, 61, 7, 1),
(58, 62, 8, 1),
(59, 63, 13, 2),
(60, 63, 18, 1),
(67, 65, 18, 2),
(68, 65, 7, 2),
(72, 65, 17, 1),
(73, 65, 13, 1),
(74, 66, 18, 1),
(76, 68, 18, 1),
(78, 69, 17, 3),
(79, 69, 18, 2),
(80, 70, 8, 1),
(81, 70, 20, 1),
(82, 71, 20, 1),
(83, 71, 5, 1),
(84, 72, 4, 3),
(85, 72, 7, 1),
(86, 73, 19, 1),
(87, 74, 13, 1),
(88, 75, 17, 1),
(89, 76, 4, 1),
(90, 76, 19, 2),
(91, 76, 27, 2),
(92, 76, 24, 2),
(93, 77, 22, 3),
(94, 77, 26, 3),
(96, 77, 7, 1),
(97, 77, 24, 1),
(98, 77, 5, 1),
(99, 77, 27, 8),
(100, 78, 7, 4),
(101, 78, 8, 3),
(102, 78, 17, 3),
(103, 78, 26, 2),
(104, 79, 20, 1),
(105, 80, 7, 4),
(106, 81, 22, 1),
(107, 82, 26, 1),
(108, 82, 17, 1),
(109, 82, 7, 2),
(111, 83, 28, 2),
(113, 80, 13, 4),
(114, 80, 33, 1),
(115, 84, 21, 2),
(116, 84, 19, 3),
(117, 84, 33, 2),
(119, 84, 13, 2),
(120, 85, 11, 1),
(121, 86, 4, 2),
(123, 87, 7, 1),
(125, 87, 18, 2),
(127, 88, 20, 2),
(128, 88, 19, 1),
(129, 88, 31, 1),
(130, 88, 18, 1),
(132, 90, 7, 1),
(133, 88, 27, 2),
(134, 88, 32, 1),
(136, 92, 11, 2),
(138, 94, 7, 1),
(141, 97, 21, 1),
(142, 98, 18, 1),
(143, 99, 34, 1),
(144, 100, 17, 1),
(145, 101, 18, 1),
(146, 102, 7, 1),
(147, 102, 32, 1),
(148, 103, 8, 1),
(149, 103, 34, 1),
(150, 104, 32, 1),
(151, 104, 33, 1),
(152, 105, 17, 3),
(153, 105, 7, 1),
(154, 105, 4, 1),
(155, 105, 34, 1),
(156, 105, 8, 1),
(157, 105, 21, 1),
(160, 108, 17, 1),
(161, 108, 18, 1),
(162, 109, 17, 1),
(163, 109, 18, 1),
(164, 109, 7, 1),
(165, 110, 17, 1),
(166, 110, 18, 1),
(167, 110, 34, 1),
(168, 111, 18, 1),
(169, 111, 17, 1),
(170, 111, 26, 1),
(171, 112, 17, 1),
(172, 112, 18, 1),
(173, 112, 11, 1),
(174, 112, 19, 1),
(175, 113, 11, 1),
(176, 113, 20, 1),
(177, 114, 20, 1),
(178, 114, 18, 1),
(179, 114, 17, 1),
(180, 115, 18, 1),
(181, 115, 20, 1),
(182, 116, 20, 1),
(183, 116, 18, 1),
(184, 117, 17, 1),
(185, 118, 17, 1),
(186, 118, 13, 1),
(187, 119, 13, 1),
(188, 119, 17, 1),
(189, 120, 17, 1),
(190, 120, 13, 1),
(191, 121, 13, 1),
(192, 121, 17, 1),
(193, 122, 17, 1),
(194, 122, 13, 1),
(195, 123, 13, 1),
(196, 123, 17, 1),
(197, 124, 17, 1),
(198, 124, 13, 1),
(199, 125, 13, 1),
(200, 125, 17, 1),
(201, 126, 17, 1),
(202, 126, 13, 1),
(203, 127, 13, 1),
(204, 127, 17, 1),
(205, 128, 17, 1),
(206, 128, 13, 1),
(207, 129, 13, 1),
(208, 129, 17, 1),
(209, 130, 17, 1),
(210, 130, 13, 1),
(211, 131, 13, 1),
(212, 131, 17, 1),
(213, 132, 17, 1),
(214, 132, 13, 1),
(215, 133, 13, 1),
(216, 133, 17, 1),
(217, 134, 17, 1),
(218, 134, 13, 1),
(219, 135, 13, 1),
(220, 135, 17, 1),
(221, 136, 17, 1),
(222, 136, 18, 1),
(223, 136, 13, 1),
(224, 136, 20, 1),
(225, 136, 26, 1),
(226, 136, 34, 1),
(227, 137, 34, 1),
(228, 137, 13, 1),
(229, 137, 18, 1),
(230, 138, 13, 1),
(231, 138, 17, 1),
(232, 138, 18, 1),
(233, 138, 26, 1),
(234, 139, 26, 1),
(235, 139, 17, 1),
(236, 139, 13, 1),
(237, 140, 13, 1),
(238, 140, 17, 1),
(239, 140, 26, 1),
(241, 142, 26, 1),
(242, 142, 13, 1),
(243, 142, 17, 1),
(244, 143, 17, 1),
(245, 143, 13, 1),
(246, 143, 26, 1),
(248, 145, 17, 1),
(249, 145, 13, 1),
(250, 145, 26, 1),
(251, 146, 26, 1),
(252, 146, 13, 1),
(253, 147, 32, 1),
(254, 147, 21, 1),
(255, 147, 6, 1),
(259, 151, 18, 2),
(260, 152, 18, 2),
(261, 153, 7, 1),
(262, 154, 7, 2),
(263, 154, 21, 1),
(264, 155, 37, 1),
(265, 155, 7, 1),
(266, 155, 19, 1),
(267, 156, 7, 3),
(268, 82, 21, 1),
(269, 156, 38, 2),
(270, 156, 37, 1),
(271, 156, 35, 7),
(272, 156, 11, 1),
(273, 82, 37, 1);

-- --------------------------------------------------------

--
-- Estructura de tabla para la tabla `categorias`
--

CREATE TABLE `categorias` (
  `id` int(10) UNSIGNED NOT NULL,
  `nombre` varchar(191) COLLATE utf8mb4_unicode_ci NOT NULL,
  `descripcion` varchar(191) COLLATE utf8mb4_unicode_ci NOT NULL,
  `slug` varchar(30) COLLATE utf8mb4_unicode_ci NOT NULL,
  `created_at` timestamp NULL DEFAULT NULL,
  `updated_at` timestamp NULL DEFAULT NULL
) ENGINE=InnoDB DEFAULT CHARSET=utf8mb4 COLLATE=utf8mb4_unicode_ci;

--
-- Volcado de datos para la tabla `categorias`
--

INSERT INTO `categorias` (`id`, `nombre`, `descripcion`, `slug`, `created_at`, `updated_at`) VALUES
(1, 'Hombres', 'ropa, calzado y accesorios para hombres.', 'hombres', '2020-06-15 19:36:00', '2021-04-04 17:34:51'),
(2, 'Mujeres', 'ropa, calzado y accesorios para mujeres', 'mujeres', '2020-06-15 19:37:00', '2020-06-15 19:37:00'),
(3, 'Niños', 'ropa, calzado y accesorios para niños y niñas', 'niños', '2020-06-15 19:38:00', '2020-12-31 17:38:55'),
(4, 'Hombres', 'Ropa, calzado y accesorios para hombres.', 'hombres-1', '2023-01-28 20:38:50', '2023-01-28 20:38:50'),
(5, 'Hombres', 'Ropa, calzado y accesorios para hombres editado', 'hombres-2', '2023-01-28 20:40:07', '2023-01-28 20:40:07');

-- --------------------------------------------------------

--
-- Estructura de tabla para la tabla `chats`
--

CREATE TABLE `chats` (
  `id` int(11) UNSIGNED NOT NULL,
  `from_id` int(10) UNSIGNED NOT NULL,
  `to_id` int(10) UNSIGNED NOT NULL,
  `mensaje` text COLLATE utf8_unicode_ci NOT NULL,
  `fecha` datetime NOT NULL,
  `read_at` timestamp NULL DEFAULT NULL,
  `created_at` timestamp NULL DEFAULT NULL,
  `updated_at` timestamp NULL DEFAULT NULL
) ENGINE=InnoDB DEFAULT CHARSET=utf8 COLLATE=utf8_unicode_ci;

--
-- Volcado de datos para la tabla `chats`
--

INSERT INTO `chats` (`id`, `from_id`, `to_id`, `mensaje`, `fecha`, `read_at`, `created_at`, `updated_at`) VALUES
(1, 2, 3, 'hola, cómo estás?', '2021-03-16 11:29:20', '2021-04-04 15:42:11', '2021-03-16 16:29:20', '2021-04-04 15:42:11'),
(2, 3, 2, 'Bien, gracias. ¿Tienes listo mi pedido?', '2021-03-16 11:29:25', '2021-03-28 19:30:11', '2021-03-16 16:29:25', '2021-03-28 19:30:11'),
(3, 2, 3, 'Ahora en 1 hora te lo envío', '2021-03-16 11:30:33', '2021-04-04 15:49:50', NULL, '2021-04-04 15:49:50'),
(4, 3, 2, 'Bueno', '2021-03-16 13:09:15', '2021-03-28 19:25:40', '2021-03-16 18:09:15', '2021-03-28 19:25:40'),
(6, 2, 3, 'la guía está en el correo', '2021-03-17 10:40:39', '2021-04-04 15:50:00', '2021-03-17 15:40:39', '2021-04-04 15:50:00'),
(7, 2, 3, 'me avisas cuando lo recibas', '2021-03-17 10:41:19', NULL, '2021-03-17 15:41:19', '2021-03-17 15:41:19'),
(8, 2, 3, 'hola', '2021-03-17 11:18:07', NULL, '2021-03-17 16:18:07', '2021-03-17 16:18:07'),
(9, 2, 3, '¿tú pediste un cambio de productos?', '2021-03-18 10:55:30', NULL, '2021-03-18 15:55:30', '2021-03-18 15:55:30'),
(10, 2, 3, '¿Quieres un bono?', '2021-03-18 11:15:17', NULL, '2021-03-18 16:15:17', '2021-03-18 16:15:17'),
(11, 3, 2, 'tengo que pensarlo', '2021-03-18 11:22:48', '2021-03-28 19:25:40', '2021-03-18 16:22:48', '2021-03-28 19:25:40'),
(12, 2, 3, '¿no te gusta el producto?', '2021-03-18 12:37:35', NULL, '2021-03-18 17:37:35', '2021-03-18 17:37:35'),
(13, 2, 3, '¿o no es tu talla?', '2021-03-18 12:47:06', NULL, '2021-03-18 17:47:06', '2021-03-18 17:47:06'),
(14, 4, 2, 'hice un pedido', '2021-03-18 13:09:04', '2021-03-28 19:25:40', '2021-03-18 18:09:04', '2021-03-28 19:25:40'),
(15, 3, 2, 'sí, pero la verdad no quiero el producto', '2021-03-19 10:50:01', '2021-03-28 19:25:40', '2021-03-19 15:50:01', '2021-03-28 19:25:40'),
(16, 2, 3, 'Envíame el producto', '2021-03-20 13:53:14', NULL, '2021-03-20 18:53:14', '2021-03-20 18:53:14'),
(17, 2, 3, 'para ver si te lo cambio', '2021-03-20 13:57:45', NULL, '2021-03-20 18:57:45', '2021-03-20 18:57:45'),
(18, 2, 3, 'espero que esté en buen estado', '2021-03-20 13:58:07', NULL, '2021-03-20 18:58:07', '2021-03-20 18:58:07'),
(19, 2, 3, 'y con las etiquetas', '2021-03-20 13:58:32', NULL, '2021-03-20 18:58:32', '2021-03-20 18:58:32'),
(20, 2, 3, 'o no hay cambio', '2021-03-20 14:02:24', NULL, '2021-03-20 19:02:24', '2021-03-20 19:02:24'),
(21, 2, 3, 'me he quedado esperando', '2021-03-22 11:06:09', NULL, '2021-03-22 16:06:09', '2021-03-22 16:06:09'),
(22, 2, 4, 'sí, cabrón ahora te lo envío', '2021-03-22 12:19:51', NULL, '2021-03-22 17:19:51', '2021-03-22 17:19:51'),
(23, 2, 4, 'dame tu dirección', '2021-03-22 13:33:24', NULL, '2021-03-22 18:33:24', '2021-03-22 18:33:24'),
(24, 2, 4, 'y ahora te lo envío', '2021-03-22 13:38:51', NULL, '2021-03-22 18:38:51', '2021-03-22 18:38:51'),
(25, 2, 4, 'no habías pagado', '2021-03-22 13:42:25', NULL, '2021-03-22 18:42:25', '2021-03-22 18:42:25'),
(26, 2, 11, 'Ya hiciste el pago?', '2021-03-23 15:04:49', NULL, '2021-03-23 20:04:49', '2021-03-23 20:04:49'),
(27, 11, 2, 'En la tarde, cachón', '2021-03-23 15:06:13', '2021-03-28 19:25:40', '2021-03-23 20:06:13', '2021-03-28 19:25:40'),
(28, 2, 12, 'Ya le envío el pedido', '2021-03-23 15:10:48', NULL, '2021-03-23 20:10:48', '2021-03-23 20:10:48'),
(29, 11, 2, 'No te preocupes', '2021-03-28 11:05:29', '2021-03-28 19:25:40', '2021-03-28 16:05:29', '2021-03-28 19:25:40'),
(30, 3, 2, 'hola', '2021-09-28 15:59:41', '2021-10-06 18:26:19', '2021-09-28 20:59:41', '2021-10-06 18:26:19'),
(31, 3, 2, 'cómo estás?', '2021-09-28 16:05:34', '2021-10-06 18:26:19', '2021-09-28 21:05:34', '2021-10-06 18:26:19'),
(32, 3, 2, 'y el pedido?', '2021-09-28 16:28:06', '2021-10-06 18:26:19', '2021-09-28 21:28:06', '2021-10-06 18:26:19'),
(33, 3, 2, 'envía', '2021-09-28 16:36:35', '2021-10-06 18:26:19', '2021-09-28 21:36:35', '2021-10-06 18:26:19'),
(34, 3, 2, 'me lo cambias', '2021-09-28 16:41:06', '2021-10-06 18:26:19', '2021-09-28 21:41:06', '2021-10-06 18:26:19'),
(35, 3, 2, 'por favor', '2021-09-28 16:42:11', '2021-10-06 18:26:19', '2021-09-28 21:42:11', '2021-10-06 18:26:19'),
(36, 3, 2, 'dime algo', '2021-09-28 16:46:41', '2021-10-06 18:26:19', '2021-09-28 21:46:41', '2021-10-06 18:26:19'),
(37, 3, 2, 'o devuélveme la plata', '2021-09-28 16:49:47', '2021-10-06 18:26:20', '2021-09-28 21:49:47', '2021-10-06 18:26:20'),
(38, 2, 3, 'nada', '2021-09-28 16:51:29', NULL, '2021-09-28 21:51:29', '2021-09-28 21:51:29'),
(39, 2, 3, 'trae el producto', '2021-09-28 16:52:20', NULL, '2021-09-28 21:52:20', '2021-09-28 21:52:20'),
(40, 2, 3, 'hola', '2021-10-04 14:48:45', NULL, '2021-10-04 19:48:45', '2021-10-04 19:48:45'),
(41, 2, 3, 'hay nuevas blusas', '2021-10-04 15:00:29', NULL, '2021-10-04 20:00:29', '2021-10-04 20:00:29'),
(42, 2, 3, 'y sandalias', '2021-10-04 15:13:18', NULL, '2021-10-04 20:13:18', '2021-10-04 20:13:18'),
(43, 2, 3, 'de todo', '2021-10-04 15:24:56', NULL, '2021-10-04 20:24:56', '2021-10-04 20:24:56'),
(44, 3, 2, 'ahora los veo', '2021-10-04 15:30:40', '2021-10-06 18:26:20', '2021-10-04 20:30:40', '2021-10-06 18:26:20'),
(45, 3, 2, 'y te aviso', '2021-10-04 15:31:39', '2021-10-06 18:26:19', '2021-10-04 20:31:39', '2021-10-06 18:26:19'),
(46, 3, 2, 'y mi pedido?', '2021-10-07 12:11:13', '2021-10-07 17:12:59', '2021-10-07 17:11:13', '2021-10-07 17:12:59'),
(47, 3, 2, 'Lo enviaste?', '2021-10-07 12:32:00', '2021-10-07 17:33:12', '2021-10-07 17:32:00', '2021-10-07 17:33:12'),
(48, 3, 2, 'ahora pago', '2021-10-07 12:36:00', '2021-10-07 17:40:19', '2021-10-07 17:36:00', '2021-10-07 17:40:19'),
(49, 3, 2, 'no era mi talla', '2021-10-07 12:51:17', '2021-10-07 17:54:47', '2021-10-07 17:51:17', '2021-10-07 17:54:47'),
(50, 3, 2, 'no sé', '2021-10-07 12:59:00', '2021-10-07 18:00:37', '2021-10-07 17:59:00', '2021-10-07 18:00:37'),
(51, 3, 2, 'llévame el pedido', '2021-10-07 13:14:00', '2021-10-07 18:16:58', '2021-10-07 18:14:00', '2021-10-07 18:16:58'),
(52, 3, 2, 'mi pedido no llega', '2021-10-07 13:27:00', '2021-10-07 18:28:57', '2021-10-07 18:27:00', '2021-10-07 18:28:57'),
(53, 3, 2, 'hola', '2021-10-07 13:45:00', '2021-10-07 18:46:42', '2021-10-07 18:45:00', '2021-10-07 18:46:42'),
(54, 3, 2, 'no hay plata', '2021-10-07 13:48:00', '2021-10-07 18:50:40', '2021-10-07 18:48:00', '2021-10-07 18:50:40'),
(55, 3, 2, 'quiero una devolución', '2021-10-07 13:56:00', '2021-10-07 18:57:59', '2021-10-07 18:56:00', '2021-10-07 18:57:59'),
(56, 3, 2, 'hola', '2021-10-07 14:12:00', '2021-10-07 19:13:02', '2021-10-07 19:12:00', '2021-10-07 19:13:02'),
(57, 3, 2, 'buenos días', '2021-10-07 14:16:00', '2021-10-07 19:18:39', '2021-10-07 19:16:00', '2021-10-07 19:18:39'),
(58, 3, 2, 'en mi pedido', '2021-10-07 14:28:00', '2021-10-07 19:29:58', '2021-10-07 19:28:00', '2021-10-07 19:29:58'),
(59, 3, 2, 'hola', '2021-10-07 14:36:00', '2021-10-07 19:38:40', '2021-10-07 19:36:00', '2021-10-07 19:38:40'),
(60, 3, 2, 'ves empacándolo', '2021-10-07 14:41:00', '2021-10-07 19:43:19', '2021-10-07 19:41:00', '2021-10-07 19:43:19'),
(61, 3, 2, 'el pedido', '2021-10-26 14:04:31', '2021-10-26 19:08:22', '2021-10-26 19:04:31', '2021-10-26 19:08:22'),
(62, 2, 3, 'ahora', '2021-10-26 14:04:53', NULL, '2021-10-26 19:04:53', '2021-10-26 19:04:53'),
(63, 3, 2, 'probando', '2021-11-03 12:22:00', '2021-11-03 17:23:32', '2021-11-03 17:22:00', '2021-11-03 17:23:32'),
(64, 3, 2, 'bien, gracias', '2021-11-03 14:23:00', '2021-11-03 19:25:37', '2021-11-03 19:23:00', '2021-11-03 19:25:37'),
(65, 2, 3, 'hola', '2021-12-04 11:46:20', NULL, '2021-12-04 16:46:20', '2021-12-04 16:46:20'),
(66, 2, 3, 'cómo estás?', '2021-12-04 12:23:29', NULL, '2021-12-04 17:23:29', '2021-12-04 17:23:29'),
(67, 2, 3, 'hola', '2021-12-04 12:26:55', NULL, '2021-12-04 17:26:55', '2021-12-04 17:26:55'),
(68, 2, 3, 'tu pedido esta listo', '2021-12-04 12:27:43', NULL, '2021-12-04 17:27:43', '2021-12-04 17:27:43'),
(69, 3, 2, 'bueno', '2021-12-04 12:28:11', '2021-12-04 17:30:13', '2021-12-04 17:28:11', '2021-12-04 17:30:13'),
(70, 3, 2, 'ahora pasó por el', '2021-12-04 12:29:34', '2021-12-04 17:30:13', '2021-12-04 17:29:34', '2021-12-04 17:30:13'),
(71, 3, 2, 'ahora pasó por el', '2021-12-04 12:29:35', '2021-12-04 17:30:13', '2021-12-04 17:29:35', '2021-12-04 17:30:13'),
(72, 3, 2, 'muy bien', '2021-12-04 12:30:36', '2021-12-31 17:21:43', '2021-12-04 17:30:36', '2021-12-31 17:21:43'),
(73, 3, 2, 'hola', '2021-12-04 12:34:13', '2021-12-31 17:21:43', '2021-12-04 17:34:13', '2021-12-31 17:21:43'),
(74, 3, 2, 'qué tal?', '2021-12-04 12:37:12', '2021-12-31 17:21:43', '2021-12-04 17:37:12', '2021-12-31 17:21:43'),
(75, 3, 2, 'hola', '2021-12-04 12:40:18', '2021-12-31 17:21:44', '2021-12-04 17:40:18', '2021-12-31 17:21:44'),
(76, 3, 2, 'mi pedido', '2021-12-04 12:42:38', '2021-12-31 17:21:44', '2021-12-04 17:42:38', '2021-12-31 17:21:44'),
(77, 2, 3, 'ya va', '2021-12-04 12:43:48', NULL, '2021-12-04 17:43:48', '2021-12-04 17:43:48'),
(78, 3, 2, 'hola', '2021-12-04 13:10:04', '2021-12-31 17:21:44', '2021-12-04 18:10:04', '2021-12-31 17:21:44'),
(79, 3, 2, 'qué tal?', '2021-12-04 13:11:29', '2021-12-31 17:21:44', '2021-12-04 18:11:29', '2021-12-31 17:21:44'),
(80, 3, 2, 'y mi pedido?', '2021-12-04 13:12:14', '2021-12-31 17:21:44', '2021-12-04 18:12:14', '2021-12-31 17:21:44'),
(81, 2, 3, 'hola', '2021-12-04 13:18:59', NULL, '2021-12-04 18:18:59', '2021-12-04 18:18:59'),
(82, 3, 2, 'y mi pedido', '2021-12-04 13:20:16', '2021-12-31 17:21:43', '2021-12-04 18:20:16', '2021-12-31 17:21:43'),
(83, 3, 2, 'funciona', '2022-07-23 15:54:00', NULL, '2022-07-23 20:54:00', NULL),
(84, 2, 3, 'hola, Diego', '2023-03-13 13:10:11', NULL, '2023-03-13 18:10:11', '2023-03-13 18:10:11'),
(85, 2, 3, 'cómo estás?', '2023-03-13 13:12:52', NULL, '2023-03-13 18:12:52', '2023-03-13 18:12:52'),
(86, 2, 3, 'vas a pedir la devolución?', '2023-03-13 13:29:56', NULL, '2023-03-13 18:29:56', '2023-03-13 18:29:56'),
(87, 3, 2, 'no sé todavía', '2023-03-13 13:40:27', NULL, '2023-03-13 18:40:27', '2023-03-13 18:40:27'),
(88, 2, 3, 'ah', '2023-03-13 13:41:15', NULL, '2023-03-13 18:41:15', '2023-03-13 18:41:15'),
(89, 3, 2, 'sí', '2023-03-13 13:43:56', NULL, '2023-03-13 18:43:56', '2023-03-13 18:43:56'),
(90, 2, 3, 'bueno', '2023-03-13 13:44:55', NULL, '2023-03-13 18:44:55', '2023-03-13 18:44:55'),
(91, 2, 3, 'Buenas tardes', '2023-03-15 13:21:04', NULL, '2023-03-15 18:21:04', '2023-03-15 18:21:04'),
(92, 2, 3, 'cómo estás?', '2023-03-15 13:21:59', NULL, '2023-03-15 18:21:59', '2023-03-15 18:21:59'),
(93, 2, 3, 'qué has hecho?', '2023-03-15 13:23:51', NULL, '2023-03-15 18:23:51', '2023-03-15 18:23:51'),
(94, 3, 2, 'bien', '2023-03-15 13:24:18', NULL, '2023-03-15 18:24:18', '2023-03-15 18:24:18');

-- --------------------------------------------------------

--
-- Estructura de tabla para la tabla `clientes`
--

CREATE TABLE `clientes` (
  `id` int(10) UNSIGNED NOT NULL,
  `user_id` int(10) UNSIGNED NOT NULL,
  `created_at` timestamp NULL DEFAULT NULL,
  `updated_at` timestamp NULL DEFAULT NULL
) ENGINE=InnoDB DEFAULT CHARSET=utf8mb4 COLLATE=utf8mb4_unicode_ci;

--
-- Volcado de datos para la tabla `clientes`
--

INSERT INTO `clientes` (`id`, `user_id`, `created_at`, `updated_at`) VALUES
(1, 2, '2020-06-26 22:47:58', '2020-06-26 22:47:58'),
(2, 4, '2020-08-18 16:31:00', '2020-08-18 16:31:00'),
(3, 3, '2020-12-16 21:15:00', '2020-12-16 21:15:00'),
(4, 8, '2021-02-16 20:33:13', '2021-02-16 20:33:13'),
(5, 9, '2021-02-16 20:39:37', '2021-02-16 20:39:37'),
(6, 10, '2021-02-16 21:17:59', '2021-02-16 21:17:59'),
(7, 11, '2021-02-19 19:19:33', '2021-02-19 19:19:33'),
(8, 12, '2021-02-19 19:53:26', '2021-02-19 19:53:26'),
(9, 13, '2021-03-20 17:03:22', '2021-03-20 17:03:22');

-- --------------------------------------------------------

--
-- Estructura de tabla para la tabla `colores`
--

CREATE TABLE `colores` (
  `id` int(11) NOT NULL,
  `nombre` varchar(30) COLLATE utf8_unicode_ci NOT NULL,
  `descripcion` text COLLATE utf8_unicode_ci NOT NULL,
  `slug` varchar(30) COLLATE utf8_unicode_ci NOT NULL,
  `created_at` timestamp NULL DEFAULT NULL,
  `updated_at` timestamp NULL DEFAULT NULL
) ENGINE=InnoDB DEFAULT CHARSET=utf8 COLLATE=utf8_unicode_ci;

--
-- Volcado de datos para la tabla `colores`
--

INSERT INTO `colores` (`id`, `nombre`, `descripcion`, `slug`, `created_at`, `updated_at`) VALUES
(1, 'azul marino', 'azul marino', 'azul', '2021-02-03 16:17:27', '2021-04-04 16:26:37'),
(2, 'rojo', 'rojo', 'rojo', '2021-02-03 16:17:29', '2021-02-03 16:17:29'),
(3, 'negro', 'negro', 'negro', '2021-02-03 16:17:32', '2021-02-03 16:17:32'),
(4, 'blanco', 'blanco', 'blanco', '2021-02-03 16:17:34', '2021-02-03 16:17:34'),
(5, 'amarillo', 'amarillo', 'amarillo', '2021-02-03 16:17:38', '2021-02-03 16:17:38'),
(6, 'naranjado', 'naranjado', 'naranjado', '2021-02-03 16:17:42', '2021-02-03 16:17:42'),
(7, 'rosado', 'rosado', 'rosado', '2021-02-03 16:17:43', '2021-02-03 16:17:43'),
(8, 'verde', 'verde', 'verde', '2021-02-03 16:17:46', '2021-02-03 16:17:46'),
(9, 'cafe', 'café claro', 'cafe-claro', '2021-02-03 16:17:49', '2021-02-03 16:17:49'),
(10, 'violeta', 'color violeta', 'violeta', '2021-02-11 16:37:43', '2021-02-11 16:37:43'),
(11, 'fucsia', 'color fucsia', 'fucsia', '2021-02-11 16:42:24', '2021-02-11 16:42:24'),
(13, 'Marrón', 'Marrón', 'marron', '2021-04-04 16:28:16', '2021-04-04 16:28:16'),
(14, 'verde oliva', 'verde oliva', 'verde-oliva', '2021-04-04 16:29:44', '2021-04-04 16:29:44');

-- --------------------------------------------------------

--
-- Estructura de tabla para la tabla `color_producto`
--

CREATE TABLE `color_producto` (
  `id` int(11) NOT NULL,
  `color_id` int(11) NOT NULL,
  `producto_id` int(10) UNSIGNED NOT NULL,
  `visitas` int(10) DEFAULT '0',
  `activo` enum('Si','No') COLLATE utf8_unicode_ci NOT NULL,
  `slug` varchar(50) COLLATE utf8_unicode_ci DEFAULT NULL
) ENGINE=InnoDB DEFAULT CHARSET=utf8 COLLATE=utf8_unicode_ci;

--
-- Volcado de datos para la tabla `color_producto`
--

INSERT INTO `color_producto` (`id`, `color_id`, `producto_id`, `visitas`, `activo`, `slug`) VALUES
(1, 5, 9, 33, 'Si', 'vestido-de-verano-amarillo'),
(2, 3, 13, 20, 'Si', 'blusa-de-seda-negra'),
(3, 4, 10, 40, 'Si', 'vestido-de-rayas-blanco'),
(4, 3, 11, 151, 'Si', 'saco-de-lana-gris'),
(5, 4, 12, 23, 'Si', 'abrigo-de-marta-blanco'),
(8, 3, 8, 111, 'Si', 'botas-iowa-negro'),
(10, 5, 23, 76, 'Si', 'zapatos-de-nino-amarillo'),
(11, 6, 23, 176, 'Si', 'zapatos-de-nino-naranjado'),
(12, 2, 23, 37, 'Si', 'zapatos-de-nino-rojo'),
(13, 2, 27, 0, 'Si', 'zapatillas-de-nino-rojo-rojo'),
(16, 2, 38, 12, 'Si', 'valetas-coleccion-primavera-rojo'),
(18, 9, 38, 19, 'Si', 'valetas-coleccion-primavera-cafe'),
(20, 3, 39, 33, 'Si', 'valetas-coleccion-orquideas-negro'),
(21, 2, 39, 28, 'Si', 'valetas-coleccion-orquideas-rojo'),
(22, 3, 40, 0, 'Si', 'plataforma-de-tacon-alto-en-gamuza-negro'),
(23, 3, 41, 0, 'Si', 'tacones-altos-paraiso-negro'),
(24, 1, 41, 0, 'Si', 'tacones-altos-paraiso-azul'),
(25, 9, 41, 0, 'Si', 'tacones-altos-paraiso-cafe'),
(26, 2, 42, 0, 'Si', 'tacones-coleccion-primavera-rojo'),
(27, 1, 39, 0, 'Si', 'valetas-coleccion-orquideas-azul'),
(28, 2, 43, 13, 'Si', 'sandalias-planas-coral-rojo'),
(29, 1, 43, 2, 'Si', 'sandalias-planas-coral-azul'),
(31, 9, 39, 0, 'Si', 'valetas-coleccion-orquideas-cafe'),
(32, 3, 9, 0, 'Si', 'vestido-de-verano-negro'),
(33, 2, 44, 0, 'Si', 'baletas-coleccion-ecuatorial-rojo'),
(34, 5, 45, 3, 'Si', 'baletas-coleccion-manantial-amarillo'),
(35, 2, 45, 3, 'Si', 'baletas-coleccion-manantial-rojo'),
(36, 5, 46, 0, 'Si', 'baletas-coleccion-floral-amarillo'),
(37, 2, 48, 0, 'Si', 'baletas-coleccion-rubi-rojo'),
(38, 1, 49, 0, 'Si', 'short-dama-azul marino');

-- --------------------------------------------------------

--
-- Estructura de tabla para la tabla `compras`
--

CREATE TABLE `compras` (
  `id` int(10) UNSIGNED NOT NULL,
  `fecha` datetime NOT NULL,
  `factura` varchar(191) COLLATE utf8mb4_unicode_ci NOT NULL,
  `valor` decimal(8,2) NOT NULL,
  `proveedor_id` int(10) UNSIGNED NOT NULL,
  `created_at` timestamp NULL DEFAULT NULL,
  `updated_at` timestamp NULL DEFAULT NULL
) ENGINE=InnoDB DEFAULT CHARSET=utf8mb4 COLLATE=utf8mb4_unicode_ci;

-- --------------------------------------------------------

--
-- Estructura de tabla para la tabla `compra_producto`
--

CREATE TABLE `compra_producto` (
  `producto_id` int(10) UNSIGNED NOT NULL,
  `compra_id` int(10) UNSIGNED NOT NULL,
  `cantidad` int(11) NOT NULL,
  `precio_compra` decimal(10,0) NOT NULL,
  `subtotal` decimal(8,2) NOT NULL
) ENGINE=InnoDB DEFAULT CHARSET=utf8mb4 COLLATE=utf8mb4_unicode_ci;

-- --------------------------------------------------------

--
-- Estructura de tabla para la tabla `configuracion`
--

CREATE TABLE `configuracion` (
  `id` int(10) NOT NULL,
  `nit` varchar(100) COLLATE utf8_unicode_ci NOT NULL,
  `nombre` varchar(100) COLLATE utf8_unicode_ci NOT NULL,
  `costo_envio` decimal(10,0) NOT NULL,
  `direccion` varchar(100) COLLATE utf8_unicode_ci NOT NULL,
  `telefono` varchar(100) COLLATE utf8_unicode_ci NOT NULL,
  `email` varchar(100) COLLATE utf8_unicode_ci NOT NULL
) ENGINE=InnoDB DEFAULT CHARSET=utf8 COLLATE=utf8_unicode_ci;

--
-- Volcado de datos para la tabla `configuracion`
--

INSERT INTO `configuracion` (`id`, `nit`, `nombre`, `costo_envio`, `direccion`, `telefono`, `email`) VALUES
(1, '78900765', 'Lorgeliz Tienda', '8000', 'Calle 23 N 12-85', '3138645929', 'disucolgyg@gmail.com');

-- --------------------------------------------------------

--
-- Estructura de tabla para la tabla `devoluciones`
--

CREATE TABLE `devoluciones` (
  `id` int(10) UNSIGNED NOT NULL,
  `fecha` datetime NOT NULL,
  `cantidad` int(10) NOT NULL,
  `producto_referencia_id` int(11) NOT NULL,
  `venta_id` int(10) UNSIGNED NOT NULL,
  `estado` enum('1','2','3','4') COLLATE utf8mb4_unicode_ci NOT NULL DEFAULT '1',
  `created_at` timestamp NULL DEFAULT NULL,
  `updated_at` timestamp NULL DEFAULT NULL
) ENGINE=InnoDB DEFAULT CHARSET=utf8mb4 COLLATE=utf8mb4_unicode_ci;

--
-- Volcado de datos para la tabla `devoluciones`
--

INSERT INTO `devoluciones` (`id`, `fecha`, `cantidad`, `producto_referencia_id`, `venta_id`, `estado`, `created_at`, `updated_at`) VALUES
(1, '2020-08-07 12:29:00', 1, 4, 20, '4', '2020-08-07 17:29:00', '2020-09-07 20:55:36'),
(2, '2020-08-07 12:48:00', 1, 11, 18, '4', '2020-08-07 17:48:00', '2020-08-07 17:48:00'),
(3, '2020-08-09 12:39:39', 1, 11, 17, '4', '2020-08-09 17:39:39', '2020-09-08 15:21:08'),
(4, '2020-08-09 12:50:07', 1, 4, 17, '3', '2020-08-09 17:50:07', '2020-10-13 17:37:30'),
(5, '2020-09-06 13:54:21', 2, 11, 22, '4', '2020-09-06 18:54:21', '2020-09-07 18:56:29'),
(7, '2020-12-01 16:11:47', 1, 13, 50, '1', '2020-12-01 21:11:47', '2020-12-01 21:11:47'),
(8, '2020-12-29 13:43:06', 1, 4, 67, '1', '2020-12-29 18:43:06', '2020-12-29 18:43:06'),
(9, '2020-12-29 14:58:55', 1, 20, 62, '1', '2020-12-29 19:58:55', '2020-12-29 19:58:55'),
(10, '2020-12-30 12:04:31', 2, 18, 60, '1', '2020-12-30 17:04:31', '2020-12-30 17:04:31'),
(11, '2021-01-12 19:28:23', 2, 19, 67, '2', '2021-01-13 00:28:23', '2021-02-11 17:29:04'),
(12, '2021-02-05 13:30:39', 2, 24, 67, '2', '2021-02-05 18:30:39', '2021-02-07 16:58:33'),
(13, '2021-02-06 11:47:08', 2, 27, 67, '2', '2021-02-06 16:47:08', '2021-02-07 16:53:41'),
(14, '2021-02-06 11:55:22', 1, 7, 66, '2', '2021-02-06 16:55:22', '2021-02-07 16:16:46'),
(15, '2021-02-06 11:59:58', 3, 21, 52, '3', '2021-02-06 16:59:58', '2021-02-07 17:05:19'),
(16, '2021-02-25 10:34:16', 2, 26, 69, '2', '2021-02-25 15:34:16', '2021-05-01 17:30:47'),
(17, '2021-03-15 11:25:00', 1, 7, 77, '2', '2021-03-15 16:25:00', '2021-05-01 17:28:02'),
(18, '2021-05-01 12:34:23', 1, 19, 78, '1', '2021-05-01 17:34:23', '2021-05-01 17:34:23'),
(19, '2021-05-18 10:35:26', 1, 32, 88, '1', '2021-05-18 15:35:26', '2021-05-18 15:35:26'),
(20, '2021-12-24 13:50:02', 1, 33, 88, '1', '2021-12-24 18:50:02', '2021-12-24 18:50:02'),
(21, '2023-01-03 08:02:48', 1, 21, 132, '1', '2023-01-03 13:02:48', '2023-01-03 13:02:48'),
(22, '2023-01-11 13:07:24', 1, 21, 130, '1', '2023-01-11 18:07:24', '2023-01-11 18:07:24'),
(23, '2023-02-22 13:42:18', 1, 17, 128, '1', '2023-02-22 18:42:18', '2023-02-22 18:42:18'),
(24, '2023-02-22 13:52:43', 1, 13, 128, '1', '2023-02-22 18:52:43', '2023-02-22 18:52:43'),
(25, '2023-04-06 14:00:23', 1, 13, 109, '1', '2023-04-06 19:00:23', '2023-04-06 19:00:23');

-- --------------------------------------------------------

--
-- Estructura de tabla para la tabla `envios`
--

CREATE TABLE `envios` (
  `id` int(10) NOT NULL,
  `costo` decimal(10,0) NOT NULL,
  `guia` varchar(30) COLLATE utf8_unicode_ci NOT NULL,
  `direccion` varchar(50) COLLATE utf8_unicode_ci NOT NULL,
  `municipio` varchar(100) COLLATE utf8_unicode_ci NOT NULL,
  `departamento` varchar(100) COLLATE utf8_unicode_ci NOT NULL,
  `estado` varchar(30) COLLATE utf8_unicode_ci NOT NULL,
  `transportadora` varchar(100) COLLATE utf8_unicode_ci DEFAULT NULL,
  `comentarios` varchar(200) COLLATE utf8_unicode_ci DEFAULT NULL,
  `fecha` datetime NOT NULL,
  `venta_id` int(10) UNSIGNED NOT NULL
) ENGINE=InnoDB DEFAULT CHARSET=utf8 COLLATE=utf8_unicode_ci;

--
-- Volcado de datos para la tabla `envios`
--

INSERT INTO `envios` (`id`, `costo`, `guia`, `direccion`, `municipio`, `departamento`, `estado`, `transportadora`, `comentarios`, `fecha`, `venta_id`) VALUES
(1, '8000', '45394050315', 'Calle 34 N 12-48', 'Cereté', 'Córdoba', '', 'Interrapidísimo', 'se envío a otra dirección', '2022-09-25 14:23:00', 16),
(2, '10000', '5960448472521', 'Calle 34 N 12-43', 'Chinú', 'Córdoba', '', 'Servientrega', NULL, '2022-09-25 14:56:00', 17);

-- --------------------------------------------------------

--
-- Estructura de tabla para la tabla `facturas`
--

CREATE TABLE `facturas` (
  `id` int(30) NOT NULL,
  `prefijo` varchar(40) COLLATE utf8_unicode_ci NOT NULL DEFAULT 'Fra',
  `consecutivo` int(50) NOT NULL
) ENGINE=InnoDB DEFAULT CHARSET=utf8 COLLATE=utf8_unicode_ci;

--
-- Volcado de datos para la tabla `facturas`
--

INSERT INTO `facturas` (`id`, `prefijo`, `consecutivo`) VALUES
(1, 'Fra', 1),
(2, 'Fra', 2),
(3, 'Fra', 3),
(4, 'Fra', 4),
(5, 'Fra', 5),
(8, 'Fra', 6),
(9, 'Fra', 9),
(10, 'Fra', 10),
(12, 'Fra', 11),
(13, 'Fra', 13),
(14, 'Fra', 14),
(15, 'Fra', 15),
(17, 'Fra', 16),
(19, 'Fra', 18),
(21, 'Fra', 20),
(22, 'Fra', 22),
(25, 'Fra', 23),
(26, 'Fra', 26),
(28, 'Fra', 27),
(29, 'Fra', 29),
(30, 'Fra', 30),
(31, 'Fra', 31),
(32, 'Fra', 32),
(33, 'Fra', 33),
(34, 'Fra', 34),
(35, 'Fra', 35),
(36, 'Fra', 36),
(37, 'Fra', 37),
(38, 'Fra', 38),
(39, 'Fra', 39),
(40, 'Fra', 40),
(42, 'Fra', 41),
(43, 'Fra', 43),
(44, 'Fra', 44),
(46, 'Fra', 45),
(47, 'Fra', 47),
(48, 'Fra', 48),
(49, 'Fra', 49),
(50, 'Fra', 50),
(51, 'Fra', 51),
(52, 'Fra', 52),
(53, 'Fra', 53),
(54, 'Fra', 54),
(55, 'Fra', 55),
(56, 'Fra', 56),
(57, 'Fra', 57),
(58, 'Fra', 58),
(59, 'Fra', 59),
(60, 'Fra', 60),
(61, 'Fra', 61),
(62, 'Fra', 62),
(63, 'Fra', 63),
(64, 'Fra', 64),
(65, 'Fra', 65),
(66, 'Fra', 66),
(67, 'Fra', 67),
(68, 'Fra', 68),
(69, 'Fra', 69),
(70, 'Fra', 70),
(71, 'Fra', 71),
(72, 'Fra', 72),
(73, 'Fra', 73),
(74, 'Fra', 74),
(75, 'Fra', 75),
(76, 'Fra', 76),
(77, 'Fra', 77),
(80, 'Fra', 78),
(81, 'Fra', 81),
(82, 'Fra', 82),
(83, 'Fra', 83),
(84, 'Fra', 84),
(85, 'Fra', 85),
(86, 'Fra', 86),
(87, 'Fra', 87),
(88, 'Fra', 88),
(89, 'Fra', 89),
(90, 'Fra', 90),
(91, 'Fra', 91),
(92, 'Fra', 92),
(93, 'Fra', 93),
(94, 'Fra', 94),
(95, 'Fra', 95),
(96, 'Fra', 96),
(97, 'Fra', 97),
(98, 'Fra', 98),
(99, 'Fra', 99),
(100, 'Fra', 100),
(101, 'Fra', 101),
(102, 'Fra', 102),
(103, 'Fra', 103),
(104, 'Fra', 104),
(105, 'Fra', 105),
(106, 'Fra', 106),
(107, 'Fra', 107),
(108, 'Fra', 108),
(109, 'Fra', 109),
(110, 'Fra', 110),
(112, 'Fra', 111),
(113, 'Fra', 113),
(114, 'Fra', 114),
(115, 'Fra', 115),
(116, 'Fra', 116),
(117, 'Fra', 117),
(118, 'Fra', 118),
(119, 'Fra', 119),
(120, 'Fra', 120),
(121, 'Fra', 121),
(122, 'Fra', 122);

-- --------------------------------------------------------

--
-- Estructura de tabla para la tabla `imagenes`
--

CREATE TABLE `imagenes` (
  `id` int(10) UNSIGNED NOT NULL,
  `url` varchar(191) COLLATE utf8mb4_unicode_ci NOT NULL,
  `imageable_type` varchar(191) COLLATE utf8mb4_unicode_ci NOT NULL,
  `imageable_id` bigint(20) UNSIGNED NOT NULL,
  `created_at` timestamp NULL DEFAULT NULL,
  `updated_at` timestamp NULL DEFAULT NULL
) ENGINE=InnoDB DEFAULT CHARSET=utf8mb4 COLLATE=utf8mb4_unicode_ci;

--
-- Volcado de datos para la tabla `imagenes`
--

INSERT INTO `imagenes` (`id`, `url`, `imageable_type`, `imageable_id`, `created_at`, `updated_at`) VALUES
(24, 'imagenes/productos/producto8/1592846848_prod-1.jpg', 'App\\ColorProducto', 8, '2020-06-22 22:27:29', '2020-06-22 22:27:29'),
(25, 'imagenes/productos/producto8/1592846848_prod-2.jpg', 'App\\ColorProducto', 8, '2020-06-22 22:27:29', '2020-06-22 22:27:29'),
(29, 'imagenes/users/user2/user8-128x128.jpg', 'App\\User', 3, '2020-06-28 17:53:00', '2020-06-28 17:53:00'),
(30, 'imagenes/productos/producto9/1593617912_product_4.jpg', 'App\\ColorProducto', 1, '2020-07-01 20:38:32', '2020-07-01 20:38:32'),
(32, 'imagenes/productos/producto10/1595000750_home_2.jpg', 'App\\ColorProducto', 3, '2020-07-17 20:45:50', '2020-07-17 20:45:50'),
(33, 'imagenes/productos/producto11/1595001607_product_1.jpg', 'App\\ColorProducto', 4, '2020-07-17 21:00:08', '2020-07-17 21:00:08'),
(34, 'imagenes/productos/producto12/1595001937_product_2.jpg', 'App\\ColorProducto', 5, '2020-07-17 21:05:37', '2020-07-17 21:05:37'),
(35, 'imagenes/productos/producto13/1595002195_product_3.jpg', 'App\\ColorProducto', 2, '2020-07-17 21:09:55', '2020-07-17 21:09:55'),
(38, 'imagenes/productos/producto23/1597510249_IMG-20200712-WA0002.jpg', 'App\\ColorProducto', 10, '2020-08-15 16:50:49', '2020-08-15 16:50:49'),
(39, 'imagenes/productos/producto23/1597597179_naranja.jpg', 'App\\ColorProducto', 11, '2020-08-16 16:59:39', '2020-08-16 16:59:39'),
(40, 'imagenes/productos/producto23/1597597179_naranja2.jpg', 'App\\ColorProducto', 11, '2020-08-16 16:59:39', '2020-08-16 16:59:39'),
(44, 'imagenes/productos/producto23/1598635225_IMG-20200712-WA0001.jpg', 'App\\ColorProducto', 12, '2020-08-28 17:20:26', '2020-08-28 17:20:26'),
(47, 'https://www.dropbox.com/s/vix9mndnojz9zq0/producto1605558090_IMG-20200712-WA0002.jpg?raw=1', 'App\\ColorProducto', 13, '2020-11-16 20:21:44', '2020-11-16 20:21:44'),
(48, 'https://www.dropbox.com/s/elwoapn2c8wkpxp/producto1605558096_IMG-20200712-WA0001.jpg?raw=1', 'App\\ColorProducto', 13, '2020-11-16 20:21:44', '2020-11-16 20:21:44'),
(49, 'https://www.dropbox.com/s/0706o5brop85561/producto1605558100_naranja.jpg?raw=1', 'App\\ColorProducto', 13, '2020-11-16 20:21:44', '2020-11-16 20:21:44'),
(50, 'https://www.dropbox.com/s/i045d1b25p4i40z/producto1605561917_IMG-20200712-WA0002.jpg?raw=1', 'App\\ColorProducto', 14, '2020-11-16 21:25:32', '2020-11-16 21:25:32'),
(51, 'https://www.dropbox.com/s/mw9fnwfjzqgitnl/producto1605561921_IMG-20200712-WA0001.jpg?raw=1', 'App\\ColorProducto', 14, '2020-11-16 21:25:32', '2020-11-16 21:25:32'),
(52, 'https://www.dropbox.com/s/y8p3s2hcsbubdso/producto1605561925_naranja.jpg?raw=1', 'App\\ColorProducto', 14, '2020-11-16 21:25:32', '2020-11-16 21:25:32'),
(53, 'https://www.dropbox.com/s/p41o2y0hz63ezyo/producto1605561928_naranja2.jpg?raw=1', 'App\\ColorProducto', 14, '2020-11-16 21:25:32', '2020-11-16 21:25:32'),
(61, 'imagenes/users/2/1607529683_user1-128x128.jpg', 'App\\User', 2, '2020-12-09 16:01:23', '2020-12-09 16:01:23'),
(62, 'imagenes/users/2/1607529683_user1-128x128.jpg', 'App\\User', 4, '2020-12-11 16:06:00', '2020-12-11 16:06:00'),
(63, 'imagenes/productos/producto23/1597597179_naranja.jpg', 'App\\ColorProducto', 11, '2020-12-11 11:14:00', '2020-12-11 11:14:00'),
(64, 'imagenes/productos/producto23/1597510249_IMG-20200712-WA0002.jpg', 'App\\ColorProducto', 10, '2020-12-11 23:11:00', '2020-12-11 23:11:00'),
(65, 'imagenes/productos/producto23/1598635225_IMG-20200712-WA0001.jpg', 'App\\ColorProducto', 13, '2020-12-20 16:22:00', '2020-12-20 16:22:00'),
(71, 'imagenes/productos/producto38/1608571538_2.jpg', 'App\\ColorProducto', 18, '2020-12-21 17:25:38', '2020-12-21 17:25:38'),
(73, 'imagenes/productos/producto39/1608572757_3.jpg', 'App\\ColorProducto', 20, '2020-12-21 17:45:57', '2020-12-21 17:45:57'),
(74, 'imagenes/productos/producto39/1608572843_3.jpg', 'App\\ColorProducto', 21, '2020-12-21 17:47:24', '2020-12-21 17:47:24'),
(75, 'imagenes/productos/producto40/1608653709_7.jpg', 'App\\ColorProducto', 22, '2020-12-22 16:15:09', '2020-12-22 16:15:09'),
(76, 'imagenes/productos/producto38/1609517159_2.jpg', 'App\\ColorProducto', 16, '2021-01-01 16:05:59', '2021-01-01 16:05:59'),
(77, 'imagenes/productos/producto38/1609517524_2-2.jpg', 'App\\ColorProducto', 18, '2021-01-01 16:12:04', '2021-01-01 16:12:04'),
(78, 'imagenes/productos/producto41/1609518187_10 -1.jpg', 'App\\ColorProducto', 23, '2021-01-01 16:23:08', '2021-01-01 16:23:08'),
(79, 'imagenes/productos/producto41/1609518366_10-2.jpg', 'App\\ColorProducto', 24, '2021-01-01 16:26:07', '2021-01-01 16:26:07'),
(80, 'imagenes/productos/producto41/1609520548_10-3.jpg', 'App\\ColorProducto', 25, '2021-01-01 17:02:28', '2021-01-01 17:02:28'),
(81, 'imagenes/productos/producto42/1609607960_13.jpeg', 'App\\ColorProducto', 26, '2021-01-02 17:19:20', '2021-01-02 17:19:20'),
(82, 'imagenes/productos/producto39/1610497912_3.jpg', 'App\\ColorProducto', 27, '2021-01-13 00:31:52', '2021-01-13 00:31:52'),
(83, 'https://www.dropbox.com/s/hsb39ncryyby3fg/producto1613493242_11.jpg?raw=1', 'App\\ColorProducto', 28, '2021-02-16 16:34:08', '2021-02-16 16:34:08'),
(84, 'https://www.dropbox.com/s/h2u02zg4ktb16ei/producto1613496221_11.jpg?raw=1', 'App\\ColorProducto', 28, '2021-02-16 17:23:49', '2021-02-16 17:23:49'),
(85, 'https://www.dropbox.com/s/6j9rklsnh57irn7/producto1613496225_11b.jpg?raw=1', 'App\\ColorProducto', 28, '2021-02-16 17:23:49', '2021-02-16 17:23:49'),
(86, 'https://www.dropbox.com/s/do0dw118vvir1q9/1613506491_descarga.jpg?raw=1', 'App\\User', 5, '2021-02-16 20:14:55', '2021-02-16 20:14:55'),
(87, 'https://www.dropbox.com/s/7adhu9ts5y5vhxv/1613507112_descarga.jpg?raw=1', 'App\\User', 6, '2021-02-16 20:25:16', '2021-02-16 20:25:16'),
(88, 'https://www.dropbox.com/s/c3jpxuu06iezzt3/1613507453_descarga.jpg?raw=1', 'App\\User', 7, '2021-02-16 20:30:57', '2021-02-16 20:30:57'),
(89, 'https://www.dropbox.com/s/65hfe2eyo2xshk1/1613507589_descarga.jpg?raw=1', 'App\\User', 8, '2021-02-16 20:33:13', '2021-02-16 20:33:13'),
(90, 'https://www.dropbox.com/s/2yqg068mtcub5jt/1613507971_descarga.jpg?raw=1', 'App\\User', 9, '2021-02-16 20:39:37', '2021-02-16 20:39:37'),
(91, 'https://www.dropbox.com/s/1qyase5axpfvo2h/1613510272_images%20%281%29.jpg?raw=1', 'App\\User', 10, '2021-02-16 21:17:59', '2021-02-16 21:17:59'),
(92, 'https://www.dropbox.com/s/3ojkjbngolvtc9a/producto1613513378_11c.jpg?raw=1', 'App\\ColorProducto', 29, '2021-02-16 22:09:45', '2021-02-16 22:09:45'),
(95, 'imagenes/users/11/1613764116_avatar4.png', 'App\\User', 11, '2021-02-19 19:48:36', '2021-02-19 19:48:36'),
(97, 'imagenes/users/12/1613765075_avatar.png', 'App\\User', 12, '2021-02-19 20:04:36', '2021-02-19 20:04:36'),
(98, 'imagenes/productos/producto39/1614282352_100.jpg', 'App\\ColorProducto', 31, '2021-02-25 19:45:52', '2021-02-25 19:45:52'),
(99, 'imagenes/users/13/1616259802_confirm.PNG', 'App\\User', 13, '2021-03-20 17:03:22', '2021-03-20 17:03:22'),
(100, 'imagenes/productos/producto/44/1662237344_1_3.jpg', 'App\\ColorProducto', 33, '2022-09-03 20:35:46', '2022-09-03 20:35:46'),
(101, 'imagenes/productos/producto_45/1662237912_1_3.jpg', 'App\\ColorProducto', 34, '2022-09-03 20:45:13', '2022-09-03 20:45:13'),
(102, 'imagenes/productos/producto_45/1662314815_1_1.jpg', 'App\\ColorProducto', 35, '2022-09-04 18:06:57', '2022-09-04 18:06:57'),
(103, 'imagenes/productos/producto_46/1663292313_1_3.jpg', 'App\\ColorProducto', 36, '2022-09-16 01:38:35', '2022-09-16 01:38:35'),
(104, 'imagenes/productos/producto_48/1679250358_11.jpg', 'App\\ColorProducto', 37, '2023-03-19 18:26:01', '2023-03-19 18:26:01'),
(105, 'imagenes/productos/producto_48/1679250360_11b.jpg', 'App\\ColorProducto', 37, '2023-03-19 18:26:01', '2023-03-19 18:26:01'),
(106, 'imagenes/productos/producto_49/1679251167_IMG-20210303-WA0070.jpg', 'App\\ColorProducto', 38, '2023-03-19 18:39:29', '2023-03-19 18:39:29');

-- --------------------------------------------------------

--
-- Estructura de tabla para la tabla `migrations`
--

CREATE TABLE `migrations` (
  `id` int(10) UNSIGNED NOT NULL,
  `migration` varchar(191) COLLATE utf8mb4_unicode_ci NOT NULL,
  `batch` int(11) NOT NULL
) ENGINE=InnoDB DEFAULT CHARSET=utf8mb4 COLLATE=utf8mb4_unicode_ci;

--
-- Volcado de datos para la tabla `migrations`
--

INSERT INTO `migrations` (`id`, `migration`, `batch`) VALUES
(1, '2014_10_12_000000_create_users_table', 1),
(3, '2020_06_12_184911_create_categorias_table', 1),
(4, '2020_06_12_185348_create_articulos_table', 1),
(5, '2020_06_12_190926_create_clientes_table', 1),
(6, '2020_06_12_191924_create_proveedores_table', 1),
(7, '2020_06_12_192903_create_compras_table', 1),
(8, '2020_06_12_195230_create_ventas_table', 1),
(9, '2020_06_12_200235_create_subcategorias_table', 1),
(10, '2020_06_12_202355_create_metodo_pagos_table', 1),
(11, '2020_06_12_202535_create_pedidos_table', 1),
(12, '2020_06_12_202821_create_carritos_table', 1),
(13, '2020_06_12_203532_create_devoluciones_table', 1),
(14, '2020_06_13_154758_create_articulo_compra_table', 1),
(15, '2020_06_13_155731_create_articulo_venta_table', 1),
(16, '2020_06_13_160028_create_articulo_carrito_table', 1),
(17, '2020_06_16_182432_create_imagenes_table', 2),
(18, '2020_11_21_114607_create_notifications_table', 3),
(19, '2014_10_12_100000_create_password_resets_table', 4),
(20, '2022_08_01_135141_create_audits_table', 5),
(21, '2016_06_01_000001_create_oauth_auth_codes_table', 6),
(22, '2016_06_01_000002_create_oauth_access_tokens_table', 6),
(23, '2016_06_01_000003_create_oauth_refresh_tokens_table', 6),
(24, '2016_06_01_000004_create_oauth_clients_table', 6),
(25, '2016_06_01_000005_create_oauth_personal_access_clients_table', 6),
(26, '2023_01_02_130940_create_jobs_table', 7),
(27, '2023_02_01_133731_create_failed_jobs_table', 8);

-- --------------------------------------------------------

--
-- Estructura de tabla para la tabla `notifications`
--

CREATE TABLE `notifications` (
  `id` char(36) COLLATE utf8mb4_unicode_ci NOT NULL,
  `type` varchar(191) COLLATE utf8mb4_unicode_ci NOT NULL,
  `notifiable_type` varchar(191) COLLATE utf8mb4_unicode_ci NOT NULL,
  `notifiable_id` bigint(20) UNSIGNED NOT NULL,
  `data` text COLLATE utf8mb4_unicode_ci NOT NULL,
  `read_at` timestamp NULL DEFAULT NULL,
  `created_at` timestamp NULL DEFAULT NULL,
  `updated_at` timestamp NULL DEFAULT NULL
) ENGINE=InnoDB DEFAULT CHARSET=utf8mb4 COLLATE=utf8mb4_unicode_ci;

--
-- Volcado de datos para la tabla `notifications`
--

INSERT INTO `notifications` (`id`, `type`, `notifiable_type`, `notifiable_id`, `data`, `read_at`, `created_at`, `updated_at`) VALUES
('016f8cd2-cd39-40d2-95e5-d70ec14d8340', 'App\\Notifications\\NotificationDevolution', 'App\\Cliente', 1, '{\"datos\":{\"notificacion\":{\"msj\":\"El cambio de productos est\\u00e1 en proceso\",\"url\":\"http:\\/\\/localhost\\/lorgeliz_tienda\\/public\\/devoluciones\\/13\"}}}', NULL, '2021-02-07 16:53:41', '2021-02-07 16:53:41'),
('0372b8dc-5f86-4cea-abfa-35dcd6ea2f29', 'App\\Notifications\\NotificationClient', 'App\\Cliente', 1, '{\"datos\":{\"notificacion\":{\"msj\":\"Tu pedido est\\u00e1 siendo enviado\",\"url\":\"http:\\/\\/localhost\\/lorgeliz_tienda_copia\\/public\\/pedidos\\/46\"}}}', '2021-03-15 17:50:43', '2021-03-12 21:52:42', '2021-03-15 17:50:43'),
('07fe92dd-7088-45eb-9fcf-ccbe44f53307', 'App\\Notifications\\NotificationAdmin', 'App\\User', 10, '{\"datos\":{\"ventas\":{\"numero\":1,\"msj\":\"nueva venta\",\"url\":\"http:\\/\\/localhost\\/lorgeliz_tienda_copia\\/public\\/admin\\/ventas\\/81\"}}}', NULL, '2021-05-02 16:30:32', '2021-05-02 16:30:32'),
('082f314c-abd2-4cbd-9045-abc746028893', 'App\\Notifications\\NotificationAdmin', 'App\\User', 2, '{\"datos\":{\"ventas\":{\"numero\":1,\"msj\":\"nueva venta\",\"url\":\"http:\\/\\/localhost\\/lorgeliz_tienda_copia\\/public\\/admin\\/ventas\\/79\"}}}', NULL, '2021-05-02 16:19:09', '2021-05-02 16:19:09'),
('09855908-425b-46cf-9c06-0bbec50968db', 'App\\Notifications\\NotificationAdmin', 'App\\User', 2, '{\"datos\":{\"ventas\":{\"numero\":3,\"msj\":\"nueva(s) venta(s)\"}}}', '2020-12-09 15:35:53', '2020-12-08 17:45:02', '2020-12-09 15:35:53'),
('0dc649c6-e261-4b02-af99-88368e128e39', 'App\\Notifications\\NotificationAdmin', 'App\\User', 10, '{\"datos\":{\"ventas\":{\"numero\":1,\"msj\":\"nueva venta\",\"url\":\"http:\\/\\/localhost\\/lorgeliz_tienda_copia\\/public\\/admin\\/ventas\\/75\"}}}', NULL, '2021-03-12 22:03:05', '2021-03-12 22:03:05'),
('114835ed-97db-4d05-b8b8-636791a63376', 'App\\Notifications\\NotificationAdmin', 'App\\User', 2, '{\"datos\":{\"ventas\":{\"numero\":1,\"msj\":\"nueva venta\",\"url\":\"http:\\/\\/localhost\\/lorgeliz_tienda\\/public\\/admin\\/ventas\\/58\"}}}', '2020-12-12 23:50:31', '2020-12-12 15:41:23', '2020-12-12 23:50:31'),
('176825c9-0b28-430c-9cde-13c026d93d2d', 'App\\Notifications\\NotificationClient', 'App\\Cliente', 1, '{\"datos\":{\"notificacion\":{\"msj\":\"Tu pedido est\\u00e1 siendo preparado\",\"url\":\"http:\\/\\/localhost\\/lorgeliz_tienda\\/public\\/pedidos\\/56\"}}}', '2021-02-05 16:01:19', '2021-02-05 16:00:45', '2021-02-05 16:01:19'),
('19b84a20-44f1-4149-920a-47924c829d39', 'App\\Notifications\\NotificationAdmin', 'App\\User', 2, '{\"datos\":{\"ventas\":{\"numero\":4,\"msj\":\"nueva(s) venta(s)\"}}}', '2020-12-09 15:35:52', '2020-12-08 19:04:36', '2020-12-09 15:35:52'),
('1e8c8051-fac2-4583-b037-5eaa9e2efbfd', 'App\\Notifications\\NotificationAdmin', 'App\\User', 2, '{\"datos\":{\"ventas\":{\"numero\":1,\"msj\":\"nueva venta\",\"url\":\"http:\\/\\/localhost\\/lorgeliz_tienda\\/public\\/admin\\/ventas\\/61\"}}}', '2020-12-16 20:52:31', '2020-12-15 20:58:19', '2020-12-16 20:52:31'),
('1f4ffc3e-a72e-4912-98c7-52bde96e6a41', 'App\\Notifications\\NotificationClient', 'App\\Cliente', 1, '{\"datos\":{\"notificacion\":{\"msj\":\"Tu pedido est\\u00e1 siendo preparado\",\"url\":\"http:\\/\\/localhost\\/lorgeliz_tienda_copia\\/public\\/pedidos\\/119\"}}}', NULL, '2023-04-07 17:10:03', '2023-04-07 17:10:03'),
('2005abe8-d784-45a6-a52a-a1909daec0c7', 'App\\Notifications\\NotificationAdmin', 'App\\User', 2, '{\"datos\":{\"ventas\":{\"numero\":1,\"msj\":\"nueva venta\",\"url\":\"http:\\/\\/localhost\\/lorgeliz_tienda\\/public\\/admin\\/ventas\\/69\"}}}', '2021-05-05 15:57:01', '2021-01-13 21:27:05', '2021-05-05 15:57:01'),
('241b3841-8785-41cd-a473-f26be7e7c055', 'App\\Notifications\\NotificationClient', 'App\\Cliente', 1, '{\"datos\":{\"notificacion\":{\"msj\":\"Tu pedido est\\u00e1 siendo enviado\",\"url\":\"http:\\/\\/localhost\\/lorgeliz_tienda\\/public\\/pedidos\\/54\"}}}', NULL, '2021-02-14 18:07:26', '2021-02-14 18:07:26'),
('24791977-b170-455b-8e54-fea41719821f', 'App\\Notifications\\NotificationAdmin', 'App\\User', 4, '{\"datos\":{\"ventas\":{\"numero\":1,\"msj\":\"nueva venta\",\"url\":\"http:\\/\\/localhost\\/lorgeliz_tienda\\/public\\/admin\\/ventas\\/67\"}}}', NULL, '2020-12-24 17:02:32', '2020-12-24 17:02:32'),
('2c6c2068-1179-40ea-a235-c6fe6d20ec7b', 'App\\Notifications\\NotificationAdmin', 'App\\User', 2, '{\"datos\":{\"ventas\":{\"numero\":1,\"msj\":\"nueva venta\",\"url\":\"http:\\/\\/localhost\\/lorgeliz_tienda\\/public\\/admin\\/ventas\\/59\"}}}', '2020-12-13 15:33:48', '2020-12-13 15:32:12', '2020-12-13 15:33:48'),
('2def78da-fa01-4306-afb7-9fa287accd6d', 'App\\Notifications\\NotificationClient', 'App\\Cliente', 6, '{\"datos\":{\"notificacion\":{\"msj\":\"Tu pedido est\\u00e1 siendo preparado\",\"url\":\"http:\\/\\/localhost\\/lorgeliz_tienda\\/public\\/pedidos\\/58\"}}}', NULL, '2021-02-16 22:30:29', '2021-02-16 22:30:29'),
('2f19da50-68fc-4da3-8309-9f29522d2f51', 'App\\Notifications\\NotificationAdmin', 'App\\User', 2, '{\"datos\":{\"ventas\":{\"numero\":5,\"msj\":\"nueva(s) venta(s)\"}}}', '2020-12-09 15:35:52', '2020-12-08 21:06:24', '2020-12-09 15:35:52'),
('2fa94a8b-c733-4561-ad99-4c2041931fbf', 'App\\Notifications\\NotificationAdmin', 'App\\User', 4, '{\"datos\":{\"ventas\":{\"numero\":1,\"msj\":\"nueva venta\",\"url\":\"http:\\/\\/localhost\\/lorgeliz_tienda_copia\\/public\\/admin\\/ventas\\/81\"}}}', NULL, '2021-05-02 16:30:32', '2021-05-02 16:30:32'),
('30828e5c-651e-4f0e-9ee5-e87be57d41af', 'App\\Notifications\\NotificationAdmin', 'App\\User', 2, '{\"datos\":{\"ventas\":{\"numero\":1,\"msj\":\"nueva venta\",\"url\":\"http:\\/\\/localhost\\/lorgeliz_tienda\\/public\\/admin\\/ventas\\/60\"}}}', '2020-12-16 20:52:31', '2020-12-15 20:31:15', '2020-12-16 20:52:31'),
('31965d23-b4fb-4c04-b8c0-e66892b77a59', 'App\\Notifications\\NotificationClient', 'App\\Cliente', 1, '{\"datos\":{\"notificacion\":{\"msj\":\"Tu pedido est\\u00e1 siendo enviado\",\"url\":\"http:\\/\\/localhost\\/lorgeliz_tienda_copia\\/public\\/pedidos\\/53\"}}}', NULL, '2021-03-12 21:47:11', '2021-03-12 21:47:11'),
('31998ad5-c44a-4b2f-939e-ace702c6cbbf', 'App\\Notifications\\NotificationAdmin', 'App\\User', 2, '{\"datos\":{\"ventas\":{\"numero\":1,\"msj\":\"nueva venta\",\"url\":\"http:\\/\\/localhost\\/lorgeliz_tienda_copia\\/public\\/admin\\/ventas\\/83\"}}}', NULL, '2021-05-02 17:11:06', '2021-05-02 17:11:06'),
('355e4f30-56df-406d-a3b1-a6b7b1891113', 'App\\Notifications\\NotificationAdmin', 'App\\User', 2, '{\"datos\":{\"ventas\":{\"numero\":4,\"msj\":\"nueva(s) venta(s)\"}}}', '2020-11-26 17:58:03', '2020-11-25 23:09:27', '2020-11-26 17:58:03'),
('3753fb3c-806c-4510-a448-3db3f72bf288', 'App\\Notifications\\NotificationDevolution', 'App\\Cliente', 1, '{\"datos\":{\"notificacion\":{\"msj\":\"La devoluci\\u00f3n est\\u00e1 en estudio\",\"url\":\"http:\\/\\/localhost\\/lorgeliz_tienda\\/public\\/devoluciones\\/12\"}}}', '2021-02-10 17:17:32', '2021-02-07 16:58:34', '2021-02-10 17:17:32'),
('3bcc8c4c-0270-4c81-94ef-97cb05f74b40', 'App\\Notifications\\NotificationAdmin', 'App\\User', 2, '{\"datos\":{\"ventas\":{\"numero\":2,\"msj\":\"nueva(s) venta(s)\"}}}', '2020-11-28 15:55:56', '2020-11-27 16:58:17', '2020-11-28 15:55:56'),
('3e5269c3-3f03-48f6-abf2-a6c05a45c13a', 'App\\Notifications\\NotificationAdmin', 'App\\User', 2, '{\"datos\":{\"ventas\":{\"numero\":1,\"msj\":\"nueva venta\",\"url\":\"http:\\/\\/localhost\\/lorgeliz_tienda_copia\\/public\\/admin\\/ventas\\/73\"}}}', NULL, '2021-02-25 20:10:59', '2021-02-25 20:10:59'),
('4073c65d-990c-4ac4-8883-2b871341a686', 'App\\Notifications\\NotificationAdmin', 'App\\User', 2, '{\"datos\":{\"ventas\":{\"numero\":1,\"msj\":\"nueva venta\",\"url\":\"http:\\/\\/localhost\\/lorgeliz_tienda_copia\\/public\\/admin\\/ventas\\/84\"}}}', NULL, '2021-05-02 17:15:22', '2021-05-02 17:15:22'),
('4564acbb-96d1-4eee-b294-9a113f8b1d19', 'App\\Notifications\\NotificationClient', 'App\\Cliente', 3, '{\"datos\":{\"notificacion\":{\"msj\":\"Tu pedido est\\u00e1 siendo preparado\",\"url\":\"http:\\/\\/localhost\\/lorgeliz_tienda\\/public\\/pedidos\\/57\"}}}', '2021-02-08 16:56:13', '2021-02-08 16:54:44', '2021-02-08 16:56:13'),
('4684de43-5e4d-418e-99d9-28202d07d1a4', 'App\\Notifications\\NotificationClient', 'App\\Cliente', 1, '{\"datos\":{\"notificacion\":{\"msj\":\"Tu pedido ha sido entregado\",\"url\":\"http:\\/\\/localhost\\/lorgeliz_tienda\\/public\\/pedidos\\/55\"}}}', '2021-02-13 16:54:19', '2021-02-05 22:55:38', '2021-02-13 16:54:19'),
('4867e0b1-f667-487e-9ca3-d086eec9dbce', 'App\\Notifications\\NotificationAdmin', 'App\\User', 4, '{\"datos\":{\"ventas\":{\"numero\":1,\"msj\":\"nueva venta\",\"url\":\"http:\\/\\/localhost\\/lorgeliz_tienda\\/public\\/admin\\/ventas\\/71\"}}}', NULL, '2021-02-08 16:06:49', '2021-02-08 16:06:49'),
('4b1c1a36-1777-4d81-9b19-31bbf876b9d2', 'App\\Notifications\\NotificationClient', 'App\\Cliente', 1, '{\"datos\":{\"notificacion\":{\"msj\":\"Tu pedido est\\u00e1 siendo preparado\",\"url\":\"http:\\/\\/localhost\\/lorgeliz_tienda\\/public\"}}}', '2021-02-05 15:57:16', '2020-12-18 18:13:27', '2021-02-05 15:57:16'),
('4db8bc9b-cb4c-49f9-93fe-5165aff4d814', 'App\\Notifications\\NotificationAdmin', 'App\\User', 2, '{\"datos\":{\"ventas\":{\"numero\":1,\"msj\":\"nueva venta\",\"url\":\"http:\\/\\/localhost\\/lorgeliz_tienda\\/public\\/admin\\/ventas\\/65\"}}}', '2020-12-18 16:05:35', '2020-12-17 16:04:09', '2020-12-18 16:05:35'),
('528e9d2d-0fff-440a-be31-1a56c887201f', 'App\\Notifications\\NotificationAdmin', 'App\\User', 10, '{\"datos\":{\"ventas\":{\"numero\":1,\"msj\":\"nueva venta\",\"url\":\"http:\\/\\/localhost\\/lorgeliz_tienda_copia\\/public\\/admin\\/ventas\\/85\"}}}', NULL, '2021-05-04 16:14:11', '2021-05-04 16:14:11'),
('53124008-2fbb-49e5-ac91-e58c3e57aca6', 'App\\Notifications\\NotificationAdmin', 'App\\User', 4, '{\"datos\":{\"ventas\":{\"numero\":1,\"msj\":\"nueva venta\",\"url\":\"http:\\/\\/localhost\\/lorgeliz_tienda\\/public\\/admin\\/ventas\\/70\"}}}', NULL, '2021-01-21 16:13:17', '2021-01-21 16:13:17'),
('56d99a30-fa7c-4c71-982e-a86b66c3b56e', 'App\\Notifications\\NotificationAdmin', 'App\\User', 10, '{\"datos\":{\"ventas\":{\"numero\":1,\"msj\":\"nueva venta\",\"url\":\"http:\\/\\/localhost\\/lorgeliz_tienda_copia\\/public\\/admin\\/ventas\\/88\"}}}', NULL, '2021-05-04 17:27:44', '2021-05-04 17:27:44'),
('5989e72e-bda8-4df5-bab3-e53f69192db5', 'App\\Notifications\\NotificationAdmin', 'App\\User', 10, '{\"datos\":{\"ventas\":{\"numero\":1,\"msj\":\"nueva venta\",\"url\":\"http:\\/\\/localhost\\/lorgeliz_tienda_copia\\/public\\/admin\\/ventas\\/84\"}}}', NULL, '2021-05-02 17:15:22', '2021-05-02 17:15:22'),
('5a6e3fa5-2647-4e3d-9a35-27841ade7d88', 'App\\Notifications\\NotificationAdmin', 'App\\User', 2, '{\"datos\":{\"ventas\":{\"numero\":3,\"msj\":\"nueva venta\"}}}', '2020-11-26 17:58:03', '2020-11-25 23:06:20', '2020-11-26 17:58:03'),
('5b94b22a-75b4-4239-a3c9-1c41590da494', 'App\\Notifications\\NotificationClient', 'App\\Cliente', 1, '{\"datos\":{\"notificacion\":{\"msj\":\"Tu pedido est\\u00e1 siendo enviado\",\"url\":\"http:\\/\\/localhost\\/lorgeliz_tienda\\/public\\/pedidos\\/56\"}}}', '2021-02-13 16:54:32', '2021-02-05 22:43:01', '2021-02-13 16:54:32'),
('5b9770f7-c111-45d9-bf13-f296032bed7f', 'App\\Notifications\\NotificationAdmin', 'App\\User', 10, '{\"datos\":{\"ventas\":{\"numero\":1,\"msj\":\"nueva venta\",\"url\":\"http:\\/\\/localhost\\/lorgeliz_tienda_copia\\/public\\/admin\\/ventas\\/79\"}}}', NULL, '2021-05-02 16:19:09', '2021-05-02 16:19:09'),
('5c3f4887-72db-46e8-aad3-8829239104f0', 'App\\Notifications\\NotificationClient', 'App\\Cliente', 3, '{\"datos\":{\"notificacion\":{\"msj\":\"Tu pedido est\\u00e1 siendo enviado\",\"url\":\"http:\\/\\/localhost\\/lorgeliz_tienda_copia\\/public\\/pedidos\\/57\"}}}', NULL, '2021-03-05 17:45:30', '2021-03-05 17:45:30'),
('5f065c1c-6c7f-4636-bfeb-b64348394794', 'App\\Notifications\\NotificationClient', 'App\\Cliente', 1, '{\"datos\":{\"notificacion\":{\"msj\":\"Tu pedido est\\u00e1 siendo enviado\",\"url\":\"http:\\/\\/localhost\\/lorgeliz_tienda\\/public\\/pedidos\\/55\"}}}', '2021-02-13 16:54:38', '2021-02-05 22:53:50', '2021-02-13 16:54:38'),
('5f3e7acd-1e7b-4523-b672-f5f2562a0aa4', 'App\\Notifications\\NotificationAdmin', 'App\\User', 4, '{\"datos\":{\"ventas\":{\"numero\":1,\"msj\":\"nueva venta\",\"url\":\"http:\\/\\/localhost\\/lorgeliz_tienda_copia\\/public\\/admin\\/ventas\\/88\"}}}', NULL, '2021-05-04 17:27:44', '2021-05-04 17:27:44'),
('5f3ea85c-3bbb-4278-a018-ed8d44428af7', 'App\\Notifications\\NotificationAdmin', 'App\\User', 2, '{\"datos\":{\"ventas\":{\"numero\":1,\"msj\":\"nueva venta\",\"url\":\"http:\\/\\/localhost\\/lorgeliz_tienda_copia\\/public\\/admin\\/ventas\\/132\"}}}', NULL, '2023-01-02 18:02:23', '2023-01-02 18:02:23'),
('605f2441-a980-4b87-a39a-1e1245deca0c', 'App\\Notifications\\NotificationClient', 'App\\Cliente', 1, '{\"datos\":{\"notificacion\":{\"msj\":\"Tu pedido ha sido entregado\",\"url\":\"http:\\/\\/localhost\\/lorgeliz_tienda\\/public\\/pedidos\\/47\"}}}', '2021-02-22 20:34:43', '2021-02-16 16:01:38', '2021-02-22 20:34:43'),
('60d6a089-d66a-4017-8cf9-522329f5fea2', 'App\\Notifications\\NotificationAdmin', 'App\\User', 10, '{\"datos\":{\"ventas\":{\"numero\":1,\"msj\":\"nueva venta\",\"url\":\"http:\\/\\/localhost\\/lorgeliz_tienda_copia\\/public\\/admin\\/ventas\\/73\"}}}', NULL, '2021-02-25 20:10:59', '2021-02-25 20:10:59'),
('636fd002-2dfe-4d8d-bf8e-24794e58e7b5', 'App\\Notifications\\NotificationAdmin', 'App\\User', 4, '{\"datos\":{\"ventas\":{\"numero\":1,\"msj\":\"nueva venta\",\"url\":\"http:\\/\\/localhost\\/lorgeliz_tienda_copia\\/public\\/admin\\/ventas\\/80\"}}}', NULL, '2021-05-02 16:25:38', '2021-05-02 16:25:38'),
('642c134c-0d97-4c6f-a00d-0c26646288de', 'App\\Notifications\\NotificationClient', 'App\\Cliente', 1, '{\"datos\":{\"notificacion\":{\"msj\":\"Tu pedido est\\u00e1 siendo preparado\",\"url\":\"http:\\/\\/localhost\\/lorgeliz_tienda\\/public\\/pedidos\\/54\"}}}', '2021-02-10 17:17:46', '2021-02-05 23:01:15', '2021-02-10 17:17:46'),
('65368570-97c8-4f1d-9b0d-cf7b54b54030', 'App\\Notifications\\NotificationClient', 'App\\Cliente', 1, '{\"datos\":{\"notificacion\":{\"msj\":\"Tu pedido est\\u00e1 siendo preparado\",\"url\":\"http:\\/\\/localhost\\/lorgeliz_tienda\\/public\\/pedidos\\/55\"}}}', '2021-02-13 16:54:45', '2021-02-05 22:52:46', '2021-02-13 16:54:45'),
('675e0124-0c46-43db-9282-7e2cee7b73a6', 'App\\Notifications\\NotificationAdmin', 'App\\User', 2, '{\"datos\":{\"ventas\":{\"numero\":1,\"msj\":\"nueva venta\",\"url\":\"http:\\/\\/localhost\\/lorgeliz_tienda_copia\\/public\\/admin\\/ventas\\/82\"}}}', NULL, '2021-05-02 16:33:21', '2021-05-02 16:33:21'),
('696a2125-ca83-484b-b48c-dfc22bb050db', 'App\\Notifications\\NotificationAdmin', 'App\\User', 2, '{\"datos\":{\"ventas\":{\"numero\":1,\"msj\":\"nueva venta\",\"url\":\"http:\\/\\/localhost\\/lorgeliz_tienda\\/public\\/admin\\/ventas\\/66\"}}}', '2020-12-19 15:40:55', '2020-12-18 15:53:57', '2020-12-19 15:40:55'),
('7001e8c8-0ce8-466e-9f83-177c18e75367', 'App\\Notifications\\NotificationClient', 'App\\Cliente', 3, '{\"datos\":{\"notificacion\":{\"msj\":\"Tu pedido est\\u00e1 siendo enviado\",\"url\":\"http:\\/\\/localhost\\/lorgeliz_tienda_copia\\/public\\/pedidos\\/50\"}}}', NULL, '2021-03-12 20:38:05', '2021-03-12 20:38:05'),
('707ff847-f752-4d3f-98dc-ed42f21cd683', 'App\\Notifications\\NotificationAdmin', 'App\\User', 2, '{\"datos\":{\"ventas\":{\"numero\":1,\"msj\":\"nueva venta\",\"url\":\"http:\\/\\/localhost\\/lorgeliz_tienda\\/public\\/admin\\/ventas\\/63\"}}}', '2020-12-17 16:11:14', '2020-12-16 22:57:04', '2020-12-17 16:11:14'),
('732621a0-2286-48aa-9938-11e543292e25', 'App\\Notifications\\NotificationAdmin', 'App\\User', 2, '{\"datos\":{\"ventas\":{\"numero\":1,\"msj\":\"nueva venta\",\"url\":\"http:\\/\\/localhost\\/lorgeliz_tienda_copia\\/public\\/admin\\/ventas\\/86\"}}}', NULL, '2021-05-04 16:18:38', '2021-05-04 16:18:38'),
('755fedc2-cab8-4b7b-9f0c-972b66f583af', 'App\\Notifications\\NotificationAdmin', 'App\\User', 10, '{\"datos\":{\"ventas\":{\"numero\":1,\"msj\":\"nueva venta\",\"url\":\"http:\\/\\/localhost\\/lorgeliz_tienda_copia\\/public\\/admin\\/ventas\\/78\"}}}', NULL, '2021-03-26 01:33:43', '2021-03-26 01:33:43'),
('79b4cd33-27ee-4e16-8234-2d97ab7f7c59', 'App\\Notifications\\NotificationAdmin', 'App\\User', 10, '{\"datos\":{\"ventas\":{\"numero\":1,\"msj\":\"nueva venta\",\"url\":\"http:\\/\\/localhost\\/lorgeliz_tienda_copia\\/public\\/admin\\/ventas\\/77\"}}}', NULL, '2021-03-15 15:55:34', '2021-03-15 15:55:34'),
('7ef181ff-f0ed-4c01-bc98-ebaf31dc3eb9', 'App\\Notifications\\NotificationClient', 'App\\Cliente', 1, '{\"datos\":{\"notificacion\":{\"msj\":\"Tu pedido est\\u00e1 siendo enviado\",\"url\":\"http:\\/\\/localhost\\/lorgeliz_tienda\\/public\"}}}', '2021-02-05 15:57:52', '2020-12-18 16:06:12', '2021-02-05 15:57:52'),
('809cc8bd-3b74-4995-973d-40b9ce4b1b2a', 'App\\Notifications\\NotificationAdmin', 'App\\User', 2, '{\"datos\":{\"ventas\":{\"numero\":1,\"msj\":\"nueva venta\",\"url\":\"http:\\/\\/localhost\\/lorgeliz_tienda_copia\\/public\\/admin\\/ventas\\/80\"}}}', NULL, '2021-05-02 16:25:38', '2021-05-02 16:25:38'),
('816527f8-c754-4761-9f21-a808bc3defaf', 'App\\Notifications\\NotificationAdmin', 'App\\User', 2, '{\"datos\":{\"ventas\":{\"numero\":1,\"msj\":\"nueva venta\",\"url\":\"http:\\/\\/localhost\\/lorgeliz_tienda\\/public\\/admin\\/ventas\\/72\"}}}', NULL, '2021-02-16 22:29:53', '2021-02-16 22:29:53'),
('84d73a91-da16-472d-a020-630b7496c6b8', 'App\\Notifications\\NotificationClient', 'App\\Cliente', 1, '{\"datos\":{\"notificacion\":{\"msj\":\"Tu pedido est\\u00e1 siendo preparado\",\"url\":\"http:\\/\\/localhost\\/lorgeliz_tienda_copia\\/public\\/pedidos\\/46\"}}}', NULL, '2021-03-12 21:52:10', '2021-03-12 21:52:10'),
('850f9a3b-02c1-46b9-84b8-0b7bd4146c9a', 'App\\Notifications\\NotificationDevolution', 'App\\Cliente', 1, '{\"datos\":{\"notificacion\":{\"msj\":\"La devoluci\\u00f3n est\\u00e1 en estudio\",\"url\":\"http:\\/\\/localhost\\/lorgeliz_tienda_copia\\/public\\/devoluciones\\/16\"}}}', NULL, '2021-05-01 17:30:47', '2021-05-01 17:30:47'),
('869f802d-20ea-46eb-9bba-3406f0d15b5e', 'App\\Notifications\\NotificationAdmin', 'App\\User', 2, '{\"datos\":{\"ventas\":{\"numero\":1,\"msj\":\"nueva venta\",\"url\":\"http:\\/\\/localhost\\/lorgeliz_tienda_copia\\/public\\/admin\\/ventas\\/74\"}}}', NULL, '2021-03-12 21:57:06', '2021-03-12 21:57:06'),
('88c93312-619e-4f1a-91e4-9e6c2914a98c', 'App\\Notifications\\NotificationAdmin', 'App\\User', 4, '{\"datos\":{\"ventas\":{\"numero\":1,\"msj\":\"nueva venta\",\"url\":\"http:\\/\\/localhost\\/lorgeliz_tienda\\/public\\/admin\\/ventas\\/72\"}}}', NULL, '2021-02-16 22:29:53', '2021-02-16 22:29:53'),
('898704a5-7e22-4eef-b9a6-1571554c2297', 'App\\Notifications\\NotificationAdmin', 'App\\User', 4, '{\"datos\":{\"ventas\":{\"numero\":1,\"msj\":\"nueva venta\",\"url\":\"http:\\/\\/localhost\\/lorgeliz_tienda\\/public\\/admin\\/ventas\\/65\"}}}', '2020-12-17 16:08:34', '2020-12-17 16:04:09', '2020-12-17 16:08:34'),
('8a23b2f7-ac60-4907-963f-3d200a5f72fc', 'App\\Notifications\\NotificationAdmin', 'App\\User', 10, '{\"datos\":{\"ventas\":{\"numero\":1,\"msj\":\"nueva venta\",\"url\":\"http:\\/\\/localhost\\/lorgeliz_tienda\\/public\\/admin\\/ventas\\/72\"}}}', NULL, '2021-02-16 22:29:53', '2021-02-16 22:29:53'),
('8a34fa22-33a6-4539-86df-f83a446f5013', 'App\\Notifications\\NotificationAdmin', 'App\\User', 4, '{\"datos\":{\"ventas\":{\"numero\":1,\"msj\":\"nueva venta\",\"url\":\"http:\\/\\/localhost\\/lorgeliz_tienda\\/public\\/admin\\/ventas\\/68\"}}}', NULL, '2021-01-13 00:42:22', '2021-01-13 00:42:22'),
('8aff5ba0-cc2a-48fa-b092-0dc3c407efda', 'App\\Notifications\\NotificationDevolution', 'App\\Cliente', 1, '{\"datos\":{\"notificacion\":{\"msj\":\"La devoluci\\u00f3n est\\u00e1 en estudio\",\"url\":\"http:\\/\\/localhost\\/lorgeliz_tienda\\/public\\/devoluciones\\/11\"}}}', '2021-02-13 16:02:21', '2021-02-11 17:29:04', '2021-02-13 16:02:21'),
('91c1e663-f41b-4678-86e8-aa02d9621de0', 'App\\Notifications\\NotificationDevolution', 'App\\Cliente', 1, '{\"datos\":{\"notificacion\":{\"msj\":\"Tu solicitud de cambio de productos est\\u00e1 en proceso\",\"url\":\"http:\\/\\/localhost\\/lorgeliz_tienda\\/public\\/devoluciones\\/14\"}}}', NULL, '2021-02-07 16:16:46', '2021-02-07 16:16:46'),
('9264e4fd-c6bb-49ea-9cf9-b578836794d7', 'App\\Notifications\\NotificationAdmin', 'App\\User', 2, '{\"datos\":{\"ventas\":{\"numero\":3,\"msj\":\"nuevas ventas\"}}}', '2020-11-22 15:33:22', '2020-11-21 21:58:58', '2020-11-22 15:33:22'),
('94aff9ad-ec89-4c1d-8935-6310d5bf93ce', 'App\\Notifications\\NotificationAdmin', 'App\\User', 4, '{\"datos\":{\"ventas\":{\"numero\":1,\"msj\":\"nueva venta\",\"url\":\"http:\\/\\/localhost\\/lorgeliz_tienda\\/public\\/admin\\/ventas\\/66\"}}}', NULL, '2020-12-18 15:53:57', '2020-12-18 15:53:57'),
('95b57df8-29f8-4861-9a02-919d0d15169f', 'App\\Notifications\\NotificationAdmin', 'App\\User', 2, '{\"datos\":{\"ventas\":{\"numero\":1,\"msj\":\"nueva venta\",\"url\":\"http:\\/\\/localhost\\/lorgeliz_tienda_copia\\/public\\/admin\\/ventas\\/81\"}}}', NULL, '2021-05-02 16:30:32', '2021-05-02 16:30:32'),
('971f28b3-80d2-47e5-93be-54b609a1f1c0', 'App\\Notifications\\NotificationAdmin', 'App\\User', 4, '{\"datos\":{\"ventas\":{\"numero\":1,\"msj\":\"nueva venta\",\"url\":\"http:\\/\\/localhost\\/lorgeliz_tienda_copia\\/public\\/admin\\/ventas\\/74\"}}}', NULL, '2021-03-12 21:57:06', '2021-03-12 21:57:06'),
('974cd18d-c5a3-41ca-a2cf-9fdd3ab079bb', 'App\\Notifications\\NotificationAdmin', 'App\\User', 2, '{\"datos\":{\"ventas\":{\"numero\":1,\"msj\":\"nueva venta\",\"url\":\"http:\\/\\/localhost\\/lorgeliz_tienda_copia\\/public\\/admin\\/ventas\\/133\"}}}', NULL, '2023-01-22 17:48:23', '2023-01-22 17:48:23'),
('9761015d-6c33-478c-9152-fab08ebef7ee', 'App\\Notifications\\NotificationAdmin', 'App\\User', 2, '{\"datos\":{\"ventas\":{\"numero\":2,\"msj\":\"nueva(s) venta(s)\"}}}', '2020-11-27 15:39:59', '2020-11-26 20:19:34', '2020-11-27 15:39:59'),
('9870e47b-28c1-4f9a-9dc5-6ec75717aa64', 'App\\Notifications\\NotificationAdmin', 'App\\User', 2, '{\"datos\":{\"ventas\":{\"numero\":1,\"msj\":\"nueva venta\",\"url\":\"http:\\/\\/localhost\\/lorgeliz_tienda_copia\\/public\\/admin\\/ventas\\/75\"}}}', NULL, '2021-03-12 22:03:05', '2021-03-12 22:03:05'),
('9b2b32dc-3760-42d9-96d7-b2b51ab8cd19', 'App\\Notifications\\NotificationAdmin', 'App\\User', 4, '{\"datos\":{\"ventas\":{\"numero\":1,\"msj\":\"nueva venta\",\"url\":\"http:\\/\\/localhost\\/lorgeliz_tienda_copia\\/public\\/admin\\/ventas\\/82\"}}}', NULL, '2021-05-02 16:33:21', '2021-05-02 16:33:21'),
('9de43f65-afd6-4816-9fac-4f3962936ae0', 'App\\Notifications\\NotificationAdmin', 'App\\User', 2, '{\"datos\":{\"ventas\":{\"numero\":1,\"msj\":\"nueva venta\",\"url\":\"http:\\/\\/localhost\\/lorgeliz_tienda\\/public\\/admin\\/ventas57\"}}}', '2020-12-13 15:26:16', '2020-12-12 15:34:19', '2020-12-13 15:26:16'),
('a186a58e-db0c-42dc-a44e-bea1820b0b67', 'App\\Notifications\\NotificationAdmin', 'App\\User', 4, '{\"datos\":{\"ventas\":{\"numero\":1,\"msj\":\"nueva venta\",\"url\":\"http:\\/\\/localhost\\/lorgeliz_tienda_copia\\/public\\/admin\\/ventas\\/75\"}}}', NULL, '2021-03-12 22:03:05', '2021-03-12 22:03:05'),
('a2da2a2b-86d5-486b-9996-0e53ff02e6d0', 'App\\Notifications\\NotificationAdmin', 'App\\User', 2, '{\"datos\":{\"ventas\":{\"numero\":1,\"msj\":\"nueva venta\",\"url\":\"http:\\/\\/localhost\\/lorgeliz_tienda_copia\\/public\\/admin\\/ventas\\/88\"}}}', '2022-10-09 19:05:58', '2021-05-04 17:27:44', '2022-10-09 19:05:58'),
('a33c7811-0d83-4189-87da-cb764713afe6', 'App\\Notifications\\NotificationAdmin', 'App\\User', 10, '{\"datos\":{\"ventas\":{\"numero\":1,\"msj\":\"nueva venta\",\"url\":\"http:\\/\\/localhost\\/lorgeliz_tienda_copia\\/public\\/admin\\/ventas\\/76\"}}}', NULL, '2021-03-12 22:11:19', '2021-03-12 22:11:19'),
('a3874e2f-d52d-424c-b589-1448110e95a9', 'App\\Notifications\\NotificationAdmin', 'App\\User', 4, '{\"datos\":{\"ventas\":{\"numero\":1,\"msj\":\"nueva venta\",\"url\":\"http:\\/\\/localhost\\/lorgeliz_tienda_copia\\/public\\/admin\\/ventas\\/86\"}}}', NULL, '2021-05-04 16:18:38', '2021-05-04 16:18:38'),
('a7be4ee8-6260-4cfa-a338-b4a48c5ae8f6', 'App\\Notifications\\NotificationAdmin', 'App\\User', 4, '{\"datos\":{\"ventas\":{\"numero\":1,\"msj\":\"nueva venta\",\"url\":\"http:\\/\\/localhost\\/lorgeliz_tienda_copia\\/public\\/admin\\/ventas\\/77\"}}}', NULL, '2021-03-15 15:55:34', '2021-03-15 15:55:34'),
('a7d3289f-9fbc-4975-8ccf-a1cbf17406a8', 'App\\Notifications\\NotificationClient', 'App\\Cliente', 6, '{\"datos\":{\"notificacion\":{\"msj\":\"Tu pedido est\\u00e1 siendo enviado\",\"url\":\"http:\\/\\/localhost\\/lorgeliz_tienda\\/public\\/pedidos\\/58\"}}}', NULL, '2021-02-16 22:34:45', '2021-02-16 22:34:45'),
('a87caf7d-2580-49d7-97fd-ecd043e51eef', 'App\\Notifications\\NotificationAdmin', 'App\\User', 10, '{\"datos\":{\"ventas\":{\"numero\":1,\"msj\":\"nueva venta\",\"url\":\"http:\\/\\/localhost\\/lorgeliz_tienda_copia\\/public\\/admin\\/ventas\\/87\"}}}', NULL, '2021-05-04 16:34:38', '2021-05-04 16:34:38'),
('adbf1202-8738-47d3-95cc-0a4bca2dd7a4', 'App\\Notifications\\NotificationAdmin', 'App\\User', 4, '{\"datos\":{\"ventas\":{\"numero\":1,\"msj\":\"nueva venta\",\"url\":\"http:\\/\\/localhost\\/lorgeliz_tienda_copia\\/public\\/admin\\/ventas\\/83\"}}}', NULL, '2021-05-02 17:11:06', '2021-05-02 17:11:06'),
('affea6d1-f891-4b3c-bbb7-0fc1e5c8f640', 'App\\Notifications\\NotificationAdmin', 'App\\User', 10, '{\"datos\":{\"ventas\":{\"numero\":1,\"msj\":\"nueva venta\",\"url\":\"http:\\/\\/localhost\\/lorgeliz_tienda_copia\\/public\\/admin\\/ventas\\/80\"}}}', NULL, '2021-05-02 16:25:38', '2021-05-02 16:25:38'),
('b0716d1f-b486-477e-9965-3cb84e510404', 'App\\Notifications\\NotificationAdmin', 'App\\User', 2, '{\"datos\":{\"ventas\":{\"numero\":1,\"msj\":\"nueva venta\",\"url\":\"http:\\/\\/localhost\\/lorgeliz_tienda\\/public\\/admin\\/ventas\\/71\"}}}', '2021-02-08 16:53:41', '2021-02-08 16:06:49', '2021-02-08 16:53:41'),
('b08b8895-5d04-4534-ac19-ea8fd5c21df9', 'App\\Notifications\\NotificationAdmin', 'App\\User', 4, '{\"datos\":{\"ventas\":{\"numero\":1,\"msj\":\"nueva venta\",\"url\":\"http:\\/\\/localhost\\/lorgeliz_tienda_copia\\/public\\/admin\\/ventas\\/85\"}}}', NULL, '2021-05-04 16:14:11', '2021-05-04 16:14:11'),
('b63b16c9-6c29-45e1-ba6b-9b485872cdb7', 'App\\Notifications\\NotificationAdmin', 'App\\User', 2, '{\"datos\":{\"ventas\":{\"numero\":2,\"msj\":\"nueva(s) venta(s)\"}}}', '2020-12-09 15:35:53', '2020-12-08 16:31:17', '2020-12-09 15:35:53'),
('b694942c-679b-477e-9666-2428b636d5db', 'App\\Notifications\\NotificationClient', 'App\\Cliente', 1, '{\"datos\":{\"notificacion\":{\"msj\":\"Tu pedido est\\u00e1 siendo preparado\",\"url\":\"http:\\/\\/localhost\\/lorgeliz_tienda_copia\\/public\\/pedidos\\/74\"}}}', NULL, '2021-05-17 17:17:32', '2021-05-17 17:17:32'),
('bbbabd71-175a-46bc-8aca-286b099bda63', 'App\\Notifications\\NotificationDevolution', 'App\\Cliente', 1, '{\"datos\":{\"notificacion\":{\"msj\":\"La devoluci\\u00f3n fue rechazada\",\"url\":\"http:\\/\\/localhost\\/lorgeliz_tienda\\/public\\/devoluciones\\/15\"}}}', '2021-02-10 17:17:24', '2021-02-07 17:05:19', '2021-02-10 17:17:24'),
('be44a7a2-c41d-4f74-80d1-53d0feb9c3a9', 'App\\Notifications\\NotificationAdmin', 'App\\User', 2, '{\"datos\":{\"ventas\":{\"numero\":1,\"msj\":\"nueva(s) venta(s)\"}}}', '2020-11-27 15:39:59', '2020-11-26 20:11:45', '2020-11-27 15:39:59'),
('c49a2d69-bc03-49a3-b9c0-67c84dd89f77', 'App\\Notifications\\NotificationClient', 'App\\Cliente', 1, '{\"datos\":{\"notificacion\":{\"msj\":\"Tu pedido est\\u00e1 siendo enviado\",\"url\":\"http:\\/\\/localhost\\/lorgeliz_tienda\\/public\\/pedidos\\/47\"}}}', NULL, '2021-02-16 16:01:22', '2021-02-16 16:01:22'),
('c5c5014a-09ce-4e57-82dc-1f4019d7fc3b', 'App\\Notifications\\NotificationAdmin', 'App\\User', 10, '{\"datos\":{\"ventas\":{\"numero\":1,\"msj\":\"nueva venta\",\"url\":\"http:\\/\\/localhost\\/lorgeliz_tienda_copia\\/public\\/admin\\/ventas\\/86\"}}}', NULL, '2021-05-04 16:18:38', '2021-05-04 16:18:38'),
('c6b924bd-7ed6-455e-b725-6d24ec8bafa3', 'App\\Notifications\\NotificationAdmin', 'App\\User', 10, '{\"datos\":{\"ventas\":{\"numero\":1,\"msj\":\"nueva venta\",\"url\":\"http:\\/\\/localhost\\/lorgeliz_tienda_copia\\/public\\/admin\\/ventas\\/74\"}}}', NULL, '2021-03-12 21:57:06', '2021-03-12 21:57:06'),
('c70a1d3c-d36c-47fe-8740-f9f36600841d', 'App\\Notifications\\NotificationAdmin', 'App\\User', 2, '{\"datos\":{\"ventas\":{\"numero\":1,\"msj\":\"nueva venta\",\"url\":\"http:\\/\\/localhost\\/lorgeliz_tienda_copia\\/public\\/admin\\/ventas\\/76\"}}}', '2021-04-25 18:01:41', '2021-03-12 22:11:19', '2021-04-25 18:01:41'),
('c766af6d-6fba-4d24-8282-2be4fe0526fa', 'App\\Notifications\\NotificationAdmin', 'App\\User', 2, '{\"datos\":{\"ventas\":{\"numero\":1,\"msj\":\"nueva(s) venta(s)\"}}}', '2020-12-09 15:35:53', '2020-12-08 15:45:33', '2020-12-09 15:35:53'),
('c935071d-5a36-4e87-b729-8bffb0b5cdf4', 'App\\Notifications\\NotificationAdmin', 'App\\User', 4, '{\"datos\":{\"ventas\":{\"numero\":1,\"msj\":\"nueva venta\",\"url\":\"http:\\/\\/localhost\\/lorgeliz_tienda_copia\\/public\\/admin\\/ventas\\/79\"}}}', NULL, '2021-05-02 16:19:09', '2021-05-02 16:19:09'),
('ca54dc8b-1ff6-4128-9e9e-b4441817004c', 'App\\Notifications\\NotificationAdmin', 'App\\User', 2, '{\"datos\":{\"ventas\":{\"numero\":1,\"msj\":\"nueva venta\",\"url\":\"http:\\/\\/localhost\\/lorgeliz_tienda_copia\\/public\\/admin\\/ventas\\/78\"}}}', '2021-03-27 01:50:46', '2021-03-26 01:33:43', '2021-03-27 01:50:46'),
('cc4814c2-cc00-4514-b251-fa13bb23ff21', 'App\\Notifications\\NotificationClient', 'App\\Cliente', 1, '{\"datos\":{\"notificacion\":{\"msj\":\"Tu pedido est\\u00e1 siendo preparado\",\"url\":\"http:\\/\\/localhost\\/lorgeliz_tienda\\/public\\/pedidos\\/47\"}}}', NULL, '2021-02-16 16:01:03', '2021-02-16 16:01:03'),
('cd02bef4-2456-4498-8e19-5ad233392c6e', 'App\\Notifications\\NotificationClient', 'App\\Cliente', 1, '{\"datos\":{\"notificacion\":{\"msj\":\"Tu pedido est\\u00e1 siendo preparado\",\"url\":\"http:\\/\\/localhost\\/lorgeliz_tienda_copia\\/public\\/pedidos\\/64\"}}}', NULL, '2021-04-25 16:29:32', '2021-04-25 16:29:32'),
('ce0d0306-4bad-4574-a9db-cd7df22c4140', 'App\\Notifications\\NotificationAdmin', 'App\\User', 4, '{\"datos\":{\"ventas\":{\"numero\":1,\"msj\":\"nueva venta\",\"url\":\"http:\\/\\/localhost\\/lorgeliz_tienda_copia\\/public\\/admin\\/ventas\\/73\"}}}', NULL, '2021-02-25 20:10:59', '2021-02-25 20:10:59'),
('d05bfe67-2fb8-473d-9caa-b18da64da2b1', 'App\\Notifications\\NotificationAdmin', 'App\\User', 2, '{\"datos\":{\"ventas\":{\"numero\":1,\"msj\":\"nueva venta\",\"url\":\"http:\\/\\/localhost\\/lorgeliz_tienda\\/public\\/admin\\/ventas\\/64\"}}}', '2020-12-18 16:05:35', '2020-12-17 15:46:45', '2020-12-18 16:05:35'),
('d131714a-02a7-4aa7-bbd9-9dd7ed9bc408', 'App\\Notifications\\NotificationClient', 'App\\Cliente', 1, '{\"datos\":{\"notificacion\":{\"msj\":\"Tu pedido ha sido entregado\",\"url\":\"http:\\/\\/localhost\\/lorgeliz_tienda\\/public\\/pedidos\\/56\"}}}', '2021-02-13 16:54:27', '2021-02-05 22:47:15', '2021-02-13 16:54:27'),
('d254c2fd-8540-450f-bb2b-986884380bba', 'App\\Notifications\\NotificationAdmin', 'App\\User', 4, '{\"datos\":{\"ventas\":{\"numero\":1,\"msj\":\"nueva venta\",\"url\":\"http:\\/\\/localhost\\/lorgeliz_tienda\\/public\\/admin\\/ventas\\/69\"}}}', NULL, '2021-01-13 21:27:05', '2021-01-13 21:27:05'),
('d2fec991-6701-4d8a-af9a-d765a7a74574', 'App\\Notifications\\NotificationAdmin', 'App\\User', 2, '{\"datos\":{\"ventas\":{\"numero\":1,\"msj\":\"nueva venta\",\"url\":\"http:\\/\\/localhost\\/lorgeliz_tienda\\/public\\/admin\\/ventas\\/62\"}}}', '2020-12-16 20:52:31', '2020-12-15 21:08:51', '2020-12-16 20:52:31'),
('d388692c-ae8e-4e24-a11e-3284a02356ce', 'App\\Notifications\\NotificationAdmin', 'App\\User', 4, '{\"datos\":{\"ventas\":{\"numero\":1,\"msj\":\"nueva venta\",\"url\":\"http:\\/\\/localhost\\/lorgeliz_tienda_copia\\/public\\/admin\\/ventas\\/84\"}}}', NULL, '2021-05-02 17:15:22', '2021-05-02 17:15:22'),
('dd43209b-66a6-408d-b429-3bbfba9be492', 'App\\Notifications\\NotificationAdmin', 'App\\User', 2, '{\"datos\":{\"ventas\":{\"numero\":1,\"msj\":\"nueva venta\",\"url\":\"http:\\/\\/localhost\\/lorgeliz_tienda_copia\\/public\\/admin\\/ventas\\/87\"}}}', NULL, '2021-05-04 16:34:37', '2021-05-04 16:34:37'),
('de778a45-41c5-4ef3-bbb2-2dea7eaa4235', 'App\\Notifications\\NotificationAdmin', 'App\\User', 2, '{\"datos\":{\"ventas\":{\"numero\":1,\"msj\":\"nueva venta\",\"url\":\"http:\\/\\/localhost\\/lorgeliz_tienda_copia\\/public\\/admin\\/ventas\\/77\"}}}', '2021-03-15 17:57:07', '2021-03-15 15:55:34', '2021-03-15 17:57:07'),
('df489dda-7dfd-4487-b487-ee4b7f1adb0c', 'App\\Notifications\\NotificationAdmin', 'App\\User', 2, '{\"datos\":{\"ventas\":{\"numero\":1,\"msj\":\"nueva venta\",\"url\":\"http:\\/\\/localhost\\/lorgeliz_tienda\\/public\\/admin\\/ventas\\/67\"}}}', '2020-12-27 17:10:56', '2020-12-24 17:02:32', '2020-12-27 17:10:56'),
('df4a37ab-a9cd-4f06-b1fd-79c6cf8e4f3e', 'App\\Notifications\\NotificationAdmin', 'App\\User', 10, '{\"datos\":{\"ventas\":{\"numero\":1,\"msj\":\"nueva venta\",\"url\":\"http:\\/\\/localhost\\/lorgeliz_tienda_copia\\/public\\/admin\\/ventas\\/83\"}}}', NULL, '2021-05-02 17:11:06', '2021-05-02 17:11:06'),
('e32d9e40-2b38-497a-b491-f7095e13bdd5', 'App\\Notifications\\NotificationClient', 'App\\Cliente', 3, '{\"datos\":{\"notificacion\":{\"msj\":\"Tu pedido est\\u00e1 siendo preparado\",\"url\":\"http:\\/\\/localhost\\/lorgeliz_tienda\\/public\"}}}', '2021-02-08 16:07:33', '2020-12-17 19:54:02', '2021-02-08 16:07:33'),
('e528ba39-d84b-4181-a79e-616a7dfe101e', 'App\\Notifications\\NotificationAdmin', 'App\\User', 2, '{\"datos\":{\"ventas\":{\"numero\":1,\"msj\":\"nueva venta\",\"url\":\"http:\\/\\/localhost\\/lorgeliz_tienda_copia\\/public\\/admin\\/ventas\\/85\"}}}', NULL, '2021-05-04 16:14:11', '2021-05-04 16:14:11'),
('eae327b1-7e15-480c-a5b2-c4f0bbba4c30', 'App\\Notifications\\NotificationAdmin', 'App\\User', 10, '{\"datos\":{\"ventas\":{\"numero\":1,\"msj\":\"nueva venta\",\"url\":\"http:\\/\\/localhost\\/lorgeliz_tienda_copia\\/public\\/admin\\/ventas\\/82\"}}}', NULL, '2021-05-02 16:33:21', '2021-05-02 16:33:21'),
('eaea6f32-2d0f-45d0-a594-5b5c1674a245', 'App\\Notifications\\NotificationAdmin', 'App\\User', 4, '{\"datos\":{\"ventas\":{\"numero\":1,\"msj\":\"nueva venta\",\"url\":\"http:\\/\\/localhost\\/lorgeliz_tienda_copia\\/public\\/admin\\/ventas\\/87\"}}}', NULL, '2021-05-04 16:34:37', '2021-05-04 16:34:37'),
('ed696a85-2834-4b84-8350-39b227c2fbb6', 'App\\Notifications\\NotificationAdmin', 'App\\User', 2, '{\"datos\":{\"ventas\":{\"numero\":1,\"msj\":\"nueva venta\",\"url\":\"http:\\/\\/localhost\\/lorgeliz_tienda\\/public\\/admin\\/ventas\\/68\"}}}', '2021-05-05 15:54:57', '2021-01-13 00:42:22', '2021-05-05 15:54:57'),
('ee90c35b-9ec9-4561-b9ea-e276a74e454d', 'App\\Notifications\\NotificationAdmin', 'App\\User', 2, '{\"datos\":{\"ventas\":{\"numero\":1,\"msj\":\"nueva venta\",\"url\":\"http:\\/\\/localhost\\/lorgeliz_tienda\\/public\\/admin\\/ventas\\/70\"}}}', '2021-02-08 16:54:12', '2021-01-21 16:13:17', '2021-02-08 16:54:12'),
('f75fffa0-956f-4185-85a7-3a90bc906377', 'App\\Notifications\\NotificationAdmin', 'App\\User', 4, '{\"datos\":{\"ventas\":{\"numero\":1,\"msj\":\"nueva venta\",\"url\":\"http:\\/\\/localhost\\/lorgeliz_tienda_copia\\/public\\/admin\\/ventas\\/76\"}}}', NULL, '2021-03-12 22:11:19', '2021-03-12 22:11:19'),
('fa93fcf4-ba64-4473-b3be-24ccac2bdc4f', 'App\\Notifications\\NotificationClient', 'App\\Cliente', 1, '{\"datos\":{\"notificacion\":{\"msj\":\"Tu pedido est\\u00e1 siendo preparado\",\"url\":\"http:\\/\\/localhost\\/lorgeliz_tienda\\/public\\/pedidos\\/53\"}}}', NULL, '2021-02-14 18:10:18', '2021-02-14 18:10:18'),
('fe62873b-bbb0-4ecc-b9d1-766c9a43d315', 'App\\Notifications\\NotificationAdmin', 'App\\User', 4, '{\"datos\":{\"ventas\":{\"numero\":1,\"msj\":\"nueva venta\",\"url\":\"http:\\/\\/localhost\\/lorgeliz_tienda_copia\\/public\\/admin\\/ventas\\/78\"}}}', NULL, '2021-03-26 01:33:43', '2021-03-26 01:33:43');

-- --------------------------------------------------------

--
-- Estructura de tabla para la tabla `oauth_access_tokens`
--

CREATE TABLE `oauth_access_tokens` (
  `id` varchar(100) COLLATE utf8mb4_unicode_ci NOT NULL,
  `user_id` bigint(20) UNSIGNED DEFAULT NULL,
  `client_id` bigint(20) UNSIGNED NOT NULL,
  `name` varchar(191) COLLATE utf8mb4_unicode_ci DEFAULT NULL,
  `scopes` text COLLATE utf8mb4_unicode_ci,
  `revoked` tinyint(1) NOT NULL,
  `created_at` timestamp NULL DEFAULT NULL,
  `updated_at` timestamp NULL DEFAULT NULL,
  `expires_at` datetime DEFAULT NULL
) ENGINE=InnoDB DEFAULT CHARSET=utf8mb4 COLLATE=utf8mb4_unicode_ci;

-- --------------------------------------------------------

--
-- Estructura de tabla para la tabla `oauth_auth_codes`
--

CREATE TABLE `oauth_auth_codes` (
  `id` varchar(100) COLLATE utf8mb4_unicode_ci NOT NULL,
  `user_id` bigint(20) UNSIGNED NOT NULL,
  `client_id` bigint(20) UNSIGNED NOT NULL,
  `scopes` text COLLATE utf8mb4_unicode_ci,
  `revoked` tinyint(1) NOT NULL,
  `expires_at` datetime DEFAULT NULL
) ENGINE=InnoDB DEFAULT CHARSET=utf8mb4 COLLATE=utf8mb4_unicode_ci;

-- --------------------------------------------------------

--
-- Estructura de tabla para la tabla `oauth_clients`
--

CREATE TABLE `oauth_clients` (
  `id` bigint(20) UNSIGNED NOT NULL,
  `user_id` bigint(20) UNSIGNED DEFAULT NULL,
  `name` varchar(191) COLLATE utf8mb4_unicode_ci NOT NULL,
  `secret` varchar(100) COLLATE utf8mb4_unicode_ci DEFAULT NULL,
  `provider` varchar(191) COLLATE utf8mb4_unicode_ci DEFAULT NULL,
  `redirect` text COLLATE utf8mb4_unicode_ci NOT NULL,
  `personal_access_client` tinyint(1) NOT NULL,
  `password_client` tinyint(1) NOT NULL,
  `revoked` tinyint(1) NOT NULL,
  `created_at` timestamp NULL DEFAULT NULL,
  `updated_at` timestamp NULL DEFAULT NULL
) ENGINE=InnoDB DEFAULT CHARSET=utf8mb4 COLLATE=utf8mb4_unicode_ci;

--
-- Volcado de datos para la tabla `oauth_clients`
--

INSERT INTO `oauth_clients` (`id`, `user_id`, `name`, `secret`, `provider`, `redirect`, `personal_access_client`, `password_client`, `revoked`, `created_at`, `updated_at`) VALUES
(1, NULL, 'Lorgeliz_Tienda_Copia Personal Access Client', 'MdT1knwFfTO4EyIROZXRTp4xJt2odakGfZS933ji', NULL, 'http://localhost', 1, 0, 0, '2022-09-20 18:14:10', '2022-09-20 18:14:10'),
(2, NULL, 'Lorgeliz_Tienda_Copia Password Grant Client', '4p4lthELbriGmJ2WYFi9LUCrFdsF9NbysBWq5uYp', 'users', 'http://localhost', 0, 1, 0, '2022-09-20 18:14:11', '2022-09-20 18:14:11'),
(3, NULL, 'Lorgeliz_Tienda_Copia Personal Access Client', 'XtPEQMsVJ7gCVzIknrLuQuDXN9010zTlN3N8Dpvu', NULL, 'http://localhost', 1, 0, 0, '2022-09-28 18:47:30', '2022-09-28 18:47:30'),
(4, NULL, 'Lorgeliz_Tienda_Copia Password Grant Client', 'LTVtKXBDdC2y9SGFcuEY7oTEyUnppjPeTM8IQzQe', 'users', 'http://localhost', 0, 1, 0, '2022-09-28 18:47:30', '2022-09-28 18:47:30'),
(5, NULL, 'Lorgeliz_Tienda_Copia Personal Access Client', 'JuBqjgNYQ79lcTIkrBatKns7xKR1FzMku4hMcVLG', NULL, 'http://localhost', 1, 0, 0, '2022-12-05 18:20:55', '2022-12-05 18:20:55'),
(6, NULL, 'Lorgeliz_Tienda_Copia Password Grant Client', 'nCtSaQvPhiFgLGrkun6xJmg6OE0HPMAROnJhcdk5', 'users', 'http://localhost', 0, 1, 0, '2022-12-05 18:20:55', '2022-12-05 18:20:55'),
(7, NULL, 'Lorgeliz_Tienda_Copia Personal Access Client', 'cdF3UhCMG9ccKGnXpgwJzLqRyMiD7XMzr6ePF98Q', NULL, 'http://localhost', 1, 0, 0, '2022-12-12 18:15:53', '2022-12-12 18:15:53'),
(8, NULL, 'Lorgeliz_Tienda_Copia Password Grant Client', '7rDWWcCixm3MaPRk5cAxspnplRQdiyWBE3UZq8CP', 'users', 'http://localhost', 0, 1, 0, '2022-12-12 18:15:56', '2022-12-12 18:15:56');

-- --------------------------------------------------------

--
-- Estructura de tabla para la tabla `oauth_personal_access_clients`
--

CREATE TABLE `oauth_personal_access_clients` (
  `id` bigint(20) UNSIGNED NOT NULL,
  `client_id` bigint(20) UNSIGNED NOT NULL,
  `created_at` timestamp NULL DEFAULT NULL,
  `updated_at` timestamp NULL DEFAULT NULL
) ENGINE=InnoDB DEFAULT CHARSET=utf8mb4 COLLATE=utf8mb4_unicode_ci;

--
-- Volcado de datos para la tabla `oauth_personal_access_clients`
--

INSERT INTO `oauth_personal_access_clients` (`id`, `client_id`, `created_at`, `updated_at`) VALUES
(1, 1, '2022-09-20 18:14:11', '2022-09-20 18:14:11'),
(2, 3, '2022-09-28 18:47:30', '2022-09-28 18:47:30'),
(3, 5, '2022-12-05 18:20:55', '2022-12-05 18:20:55'),
(4, 7, '2022-12-12 18:15:56', '2022-12-12 18:15:56');

-- --------------------------------------------------------

--
-- Estructura de tabla para la tabla `oauth_refresh_tokens`
--

CREATE TABLE `oauth_refresh_tokens` (
  `id` varchar(100) COLLATE utf8mb4_unicode_ci NOT NULL,
  `access_token_id` varchar(100) COLLATE utf8mb4_unicode_ci NOT NULL,
  `revoked` tinyint(1) NOT NULL,
  `expires_at` datetime DEFAULT NULL
) ENGINE=InnoDB DEFAULT CHARSET=utf8mb4 COLLATE=utf8mb4_unicode_ci;

-- --------------------------------------------------------

--
-- Estructura de tabla para la tabla `pagos`
--

CREATE TABLE `pagos` (
  `id` int(11) NOT NULL,
  `ref_epayco` varchar(150) COLLATE utf8_unicode_ci DEFAULT NULL,
  `fecha` datetime NOT NULL,
  `monto` decimal(10,0) NOT NULL,
  `venta_id` int(10) UNSIGNED NOT NULL,
  `estado` enum('1','2','3','4','5') COLLATE utf8_unicode_ci NOT NULL,
  `created_at` timestamp NULL DEFAULT NULL,
  `updated_at` timestamp NULL DEFAULT NULL
) ENGINE=InnoDB DEFAULT CHARSET=utf8 COLLATE=utf8_unicode_ci;

--
-- Volcado de datos para la tabla `pagos`
--

INSERT INTO `pagos` (`id`, `ref_epayco`, `fecha`, `monto`, `venta_id`, `estado`, `created_at`, `updated_at`) VALUES
(1, '28910292', '2020-07-18 15:59:00', '67000', 16, '1', '2020-07-18 20:59:00', '2020-07-18 20:59:00'),
(2, '875233556', '2020-07-21 16:33:00', '67000', 17, '5', '2020-07-21 21:33:00', '2022-04-30 20:26:31'),
(3, '0', '2020-05-19 12:19:00', '67000', 19, '2', '2020-05-19 17:19:00', '2020-05-19 17:19:00'),
(4, '45689012', '2020-09-07 10:54:00', '145000', 23, '3', '2020-09-07 15:54:00', '2020-09-07 15:54:00'),
(5, '78543209', '2020-09-07 11:20:00', '145000', 24, '5', '2020-09-07 16:20:00', '2020-09-07 16:20:00'),
(6, '0', '2020-10-04 12:59:25', '343650', 26, '3', '2020-10-04 17:59:25', '2020-10-04 17:59:25'),
(7, '0', '2020-10-04 13:41:16', '208650', 27, '5', '2020-10-04 18:41:16', '2022-04-30 20:19:00'),
(8, '87', '2020-11-16 18:04:57', '424000', 37, '5', '2020-11-16 23:04:57', '2022-04-16 19:51:07'),
(9, 'cefad4ca4c880991776a8eb4', '2020-11-16 18:12:27', '420000', 38, '1', '2020-11-16 23:12:27', '2020-11-16 23:12:27'),
(10, '0', '2020-11-27 12:43:17', '60000', 50, '3', '2020-11-27 17:43:17', '2022-04-16 19:57:43'),
(11, 'fa729f8b9e85da418db46fe8', '2020-12-08 10:45:32', '380000', 51, '4', '2020-12-08 15:45:32', '2020-12-08 15:45:32'),
(12, 'fbe23f29ddfc7453aaf0c688', '2020-12-08 11:31:16', '180000', 52, '5', '2020-12-08 16:31:16', '2020-12-08 16:31:16'),
(13, '9f48260d4ab2541b8e9fea45', '2020-12-08 16:06:23', '180000', 55, '1', '2020-12-08 21:06:23', '2020-12-08 21:06:23'),
(14, '0556472d9127a83036fb716b', '2021-01-21 11:13:15', '60000', 70, '1', '2021-01-21 16:13:15', '2021-01-21 16:13:15'),
(15, '0', '2022-11-06 14:19:15', '28000', 131, '1', '2022-11-06 19:19:15', '2022-11-06 19:19:15'),
(16, '0', '2022-11-06 14:26:49', '30000', 131, '1', '2022-11-06 19:26:49', '2022-11-06 19:26:49');

-- --------------------------------------------------------

--
-- Estructura de tabla para la tabla `password_resets`
--

CREATE TABLE `password_resets` (
  `email` varchar(191) COLLATE utf8mb4_unicode_ci NOT NULL,
  `token` varchar(191) COLLATE utf8mb4_unicode_ci NOT NULL,
  `created_at` timestamp NULL DEFAULT NULL
) ENGINE=InnoDB DEFAULT CHARSET=utf8mb4 COLLATE=utf8mb4_unicode_ci;

-- --------------------------------------------------------

--
-- Estructura de tabla para la tabla `pedidos`
--

CREATE TABLE `pedidos` (
  `id` int(10) UNSIGNED NOT NULL,
  `fecha` datetime NOT NULL,
  `direccion_entrega` varchar(191) COLLATE utf8mb4_unicode_ci NOT NULL,
  `estado` enum('1','2','3','4','5') COLLATE utf8mb4_unicode_ci NOT NULL DEFAULT '1',
  `venta_id` int(10) UNSIGNED NOT NULL,
  `created_at` timestamp NULL DEFAULT NULL,
  `updated_at` timestamp NULL DEFAULT NULL
) ENGINE=InnoDB DEFAULT CHARSET=utf8mb4 COLLATE=utf8mb4_unicode_ci;

--
-- Volcado de datos para la tabla `pedidos`
--

INSERT INTO `pedidos` (`id`, `fecha`, `direccion_entrega`, `estado`, `venta_id`, `created_at`, `updated_at`) VALUES
(3, '2020-07-18 15:58:20', 'monteria', '2', 16, '2020-07-18 20:58:20', '2020-09-11 18:39:17'),
(4, '2020-04-09 11:18:00', 'monteria', '2', 18, '2020-04-09 16:18:00', '2020-04-09 16:18:00'),
(5, '2020-05-19 12:18:00', 'monteria', '4', 19, '2020-05-19 17:18:00', '2020-09-11 18:54:19'),
(6, '2020-06-17 14:24:09', 'monteria', '4', 20, '2020-06-17 19:24:09', '2020-06-17 19:24:09'),
(7, '2020-07-21 16:32:00', 'monteria', '3', 17, '2020-07-21 21:32:00', '2020-09-11 18:15:42'),
(9, '2020-09-02 15:49:51', 'Monteria', '1', 22, '2020-09-02 20:49:51', '2020-09-02 20:49:51'),
(10, '2020-09-07 10:53:16', 'Monteria', '1', 23, '2020-09-07 15:53:16', '2020-09-07 15:53:16'),
(11, '2020-09-07 11:19:21', 'Monteria', '1', 24, '2020-09-07 16:19:21', '2020-09-07 16:19:21'),
(13, '2020-10-04 12:59:25', 'Monteria', '1', 26, '2020-10-04 17:59:25', '2020-10-04 17:59:25'),
(14, '2020-10-04 13:31:32', 'Monteria', '1', 27, '2020-10-04 18:31:32', '2020-10-04 18:31:32'),
(15, '2020-10-12 10:42:53', 'Monteria', '1', 28, '2020-10-12 15:42:53', '2020-10-12 15:42:53'),
(16, '2020-10-12 10:54:12', 'Monteria', '1', 29, '2020-10-12 15:54:12', '2020-10-12 15:54:12'),
(18, '2020-10-12 11:39:24', 'Monteria', '1', 31, '2020-10-12 16:39:24', '2020-10-12 16:39:24'),
(19, '2020-10-12 12:03:23', 'Monteria', '2', 33, '2020-10-12 17:03:23', '2020-10-13 16:53:42'),
(21, '2020-10-13 13:24:23', 'Monteria', '1', 35, '2020-10-13 18:24:23', '2020-10-13 18:24:23'),
(22, '2020-11-08 11:08:43', 'Monteria', '1', 36, '2020-11-08 16:08:43', '2020-11-08 16:08:43'),
(23, '2020-11-16 18:04:57', 'Monteria', '5', 37, '2020-11-16 23:04:57', '2020-11-16 23:04:57'),
(24, '2020-11-16 18:12:27', 'Monteria', '1', 38, '2020-11-16 23:12:27', '2020-11-16 23:12:27'),
(26, '2020-11-21 13:16:30', 'Monteria', '1', 40, '2020-11-21 18:16:30', '2020-11-21 18:16:30'),
(27, '2020-11-21 16:44:16', 'Monteria', '1', 41, '2020-11-21 21:44:16', '2020-11-21 21:44:16'),
(28, '2020-11-21 16:58:57', 'Monteria', '1', 42, '2020-11-21 21:58:57', '2020-11-21 21:58:57'),
(29, '2020-11-25 17:03:01', 'Monteria', '1', 43, '2020-11-25 22:03:01', '2020-11-25 22:03:01'),
(30, '2020-11-25 17:05:40', 'Monteria', '1', 44, '2020-11-25 22:05:40', '2020-11-25 22:05:40'),
(31, '2020-11-25 18:06:19', 'Monteria', '1', 45, '2020-11-25 23:06:19', '2020-11-25 23:06:19'),
(32, '2020-11-25 18:09:27', 'Monteria', '1', 46, '2020-11-25 23:09:27', '2020-11-25 23:09:27'),
(33, '2020-11-26 15:11:44', 'Monteria', '1', 47, '2020-11-26 20:11:44', '2020-11-26 20:11:44'),
(34, '2020-11-26 15:19:34', 'Monteria', '1', 48, '2020-11-26 20:19:34', '2020-11-26 20:19:34'),
(35, '2020-11-27 10:51:46', 'Monteria', '3', 49, '2020-11-27 15:51:46', '2020-12-01 21:41:37'),
(36, '2020-11-27 11:58:16', 'Monteria', '5', 50, '2020-11-27 16:58:16', '2022-04-16 19:57:43'),
(37, '2020-12-08 10:45:32', 'Monteria', '1', 51, '2020-12-08 15:45:32', '2020-12-08 15:45:32'),
(38, '2020-12-08 11:31:16', 'Monteria', '1', 52, '2020-12-08 16:31:16', '2020-12-08 16:31:16'),
(39, '2020-12-08 12:45:01', 'Monteria', '1', 53, '2020-12-08 17:45:01', '2020-12-08 17:45:01'),
(40, '2020-12-08 14:04:34', 'Monteria', '1', 54, '2020-12-08 19:04:34', '2020-12-08 19:04:34'),
(41, '2020-12-08 16:06:23', 'Monteria', '1', 55, '2020-12-08 21:06:23', '2020-12-08 21:06:23'),
(43, '2020-12-12 10:34:19', 'Barrio Mogambo Mz 34 L 67', '1', 57, '2020-12-12 15:34:19', '2020-12-12 15:34:19'),
(44, '2020-12-12 10:41:23', 'Barrio Mogambo Mz 34 L 67', '1', 58, '2020-12-12 15:41:23', '2020-12-12 15:41:23'),
(45, '2020-12-13 10:32:11', 'Barrio Mogambo Mz 34 L 67', '1', 59, '2020-12-13 15:32:11', '2020-12-13 15:32:11'),
(46, '2020-12-15 15:31:15', 'Barrio Mogambo Mz 34 L 67', '3', 60, '2020-12-15 20:31:15', '2021-03-12 21:52:42'),
(47, '2020-12-15 15:58:19', 'Barrio Mogambo Mz 34 L 67', '4', 61, '2020-12-15 20:58:19', '2021-02-16 16:01:38'),
(48, '2020-12-15 16:08:50', 'Barrio Mogambo Mz 34 L 67', '3', 62, '2020-12-15 21:08:50', '2020-12-23 17:07:14'),
(49, '2020-12-16 17:57:03', 'Cerete', '1', 63, '2020-12-16 22:57:03', '2020-12-16 22:57:03'),
(50, '2020-12-17 10:46:45', 'Cerete', '3', 64, '2020-12-17 15:46:45', '2021-03-12 20:38:04'),
(51, '2020-12-17 11:04:08', 'Cerete', '2', 65, '2020-12-17 16:04:08', '2020-12-17 19:46:29'),
(52, '2020-12-18 10:53:56', 'Barrio Mogambo Mz 34 L 67', '3', 66, '2020-12-18 15:53:56', '2020-12-18 16:06:12'),
(53, '2020-12-24 12:02:30', 'Barrio Mogambo Mz 34 L 67', '3', 67, '2020-12-24 17:02:30', '2021-03-12 21:47:10'),
(54, '2021-01-12 19:42:21', 'Barrio Mogambo Mz 34 L 67', '3', 68, '2021-01-13 00:42:21', '2021-02-14 18:07:26'),
(55, '2021-01-13 16:27:03', 'Barrio Mogambo Mz 34 L 67', '4', 69, '2021-01-13 21:27:03', '2021-02-05 22:55:38'),
(56, '2021-01-21 11:13:15', 'Barrio Mogambo Mz 34 L 67', '4', 70, '2021-01-21 16:13:15', '2021-02-05 22:47:14'),
(57, '2021-02-08 11:06:49', 'Cerete', '3', 71, '2021-02-08 16:06:49', '2021-03-05 17:45:29'),
(58, '2021-02-16 17:29:52', 'Lorica', '3', 72, '2021-02-16 22:29:52', '2021-02-16 22:34:45'),
(59, '2021-02-25 15:10:58', 'Barrio Mogambo Mz 34 L 67', '1', 73, '2021-02-25 20:10:58', '2021-02-25 20:10:58'),
(60, '2021-03-12 16:57:06', 'Barrio Mogambo Mz 34 L 67', '1', 74, '2021-03-12 21:57:06', '2021-03-12 21:57:06'),
(61, '2021-03-12 17:03:05', 'Barrio Mogambo Mz 34 L 67', '1', 75, '2021-03-12 22:03:05', '2021-03-12 22:03:05'),
(62, '2021-03-12 17:11:18', 'Barrio Mogambo Mz 34 L 67', '1', 76, '2021-03-12 22:11:18', '2021-03-12 22:11:18'),
(63, '2021-03-15 10:55:33', 'Barrio Mogambo Mz 34 L 67', '1', 77, '2021-03-15 15:55:33', '2021-03-15 15:55:33'),
(64, '2021-03-25 20:33:42', 'Barrio Mogambo Mz 34 L 67', '2', 78, '2021-03-26 01:33:42', '2021-04-25 16:29:31'),
(65, '2021-05-02 11:19:08', 'Barrio Mogambo Mz 34 L 67', '1', 79, '2021-05-02 16:19:08', '2021-05-02 16:19:08'),
(66, '2021-05-02 11:25:38', 'Barrio Mogambo Mz 34 L 67', '1', 80, '2021-05-02 16:25:38', '2021-05-02 16:25:38'),
(67, '2021-05-02 11:30:32', 'Barrio Mogambo Mz 34 L 67', '1', 81, '2021-05-02 16:30:32', '2021-05-02 16:30:32'),
(68, '2021-05-02 11:33:21', 'Barrio Mogambo Mz 34 L 67', '1', 82, '2021-05-02 16:33:21', '2021-05-02 16:33:21'),
(69, '2021-05-02 12:11:06', 'Barrio Mogambo Mz 34 L 67', '1', 83, '2021-05-02 17:11:06', '2021-05-02 17:11:06'),
(70, '2021-05-02 12:15:22', 'Barrio Mogambo Mz 34 L 67', '1', 84, '2021-05-02 17:15:22', '2021-05-02 17:15:22'),
(71, '2021-05-04 11:14:11', 'Barrio Mogambo Mz 34 L 67', '1', 85, '2021-05-04 16:14:11', '2021-05-04 16:14:11'),
(72, '2021-05-04 11:18:38', 'Barrio Mogambo Mz 34 L 67', '1', 86, '2021-05-04 16:18:38', '2021-05-04 16:18:38'),
(73, '2021-05-04 11:34:37', 'Barrio Mogambo Mz 34 L 67', '1', 87, '2021-05-04 16:34:37', '2021-05-04 16:34:37'),
(74, '2021-05-04 12:27:44', 'Barrio Mogambo Mz 34 L 67', '3', 88, '2021-05-04 17:27:44', '2021-05-17 17:18:12'),
(77, '2021-11-08 10:49:44', 'Barrio Mogambo Mz 34 L 67', '1', 91, '2021-11-08 15:49:44', '2021-11-08 15:49:44'),
(78, '2021-11-09 12:16:01', 'Barrio Mogambo Mz 34 L 67', '1', 92, '2021-11-09 17:16:01', '2021-11-09 17:16:01'),
(79, '2021-11-09 12:22:47', 'Barrio Mogambo Mz 34 L 67', '1', 93, '2021-11-09 17:22:47', '2021-11-09 17:22:47'),
(80, '2021-11-09 12:29:14', 'Barrio Mogambo Mz 34 L 67', '1', 94, '2021-11-09 17:29:14', '2021-11-09 17:29:14'),
(81, '2021-11-09 12:45:24', 'Barrio Mogambo Mz 34 L 67', '1', 95, '2021-11-09 17:45:24', '2021-11-09 17:45:24'),
(82, '2021-11-09 12:51:43', 'Barrio Mogambo Mz 34 L 67', '1', 96, '2021-11-09 17:51:43', '2021-11-09 17:51:43'),
(83, '2021-11-09 13:19:35', 'Barrio Mogambo Mz 34 L 67', '1', 97, '2021-11-09 18:19:35', '2021-11-09 18:19:35'),
(84, '2021-11-09 13:29:50', 'Barrio Mogambo Mz 34 L 67', '1', 98, '2021-11-09 18:29:50', '2021-11-09 18:29:50'),
(85, '2021-11-09 13:38:51', 'Barrio Mogambo Mz 34 L 67', '1', 99, '2021-11-09 18:38:51', '2021-11-09 18:38:51'),
(86, '2021-11-09 13:46:10', 'Barrio Mogambo Mz 34 L 67', '1', 100, '2021-11-09 18:46:10', '2021-11-09 18:46:10'),
(87, '2021-11-09 14:11:51', 'Barrio Mogambo Mz 34 L 67', '1', 101, '2021-11-09 19:11:51', '2021-11-09 19:11:51'),
(88, '2021-11-09 14:25:56', 'Barrio Mogambo Mz 34 L 67', '1', 102, '2021-11-09 19:25:56', '2021-11-09 19:25:56'),
(89, '2021-11-09 14:36:58', 'Barrio Mogambo Mz 34 L 67', '1', 103, '2021-11-09 19:36:58', '2021-11-09 19:36:58'),
(90, '2021-11-09 14:40:06', 'Barrio Mogambo Mz 34 L 67', '1', 104, '2021-11-09 19:40:06', '2021-11-09 19:40:06'),
(91, '2021-11-09 14:42:05', 'Barrio Mogambo Mz 34 L 67', '1', 105, '2021-11-09 19:42:05', '2021-11-09 19:42:05'),
(92, '2021-11-09 14:53:21', 'Barrio Mogambo Mz 34 L 67', '1', 106, '2021-11-09 19:53:21', '2021-11-09 19:53:21'),
(93, '2021-11-09 14:57:04', 'Barrio Mogambo Mz 34 L 67', '1', 107, '2021-11-09 19:57:04', '2021-11-09 19:57:04'),
(94, '2021-11-09 14:59:37', 'Barrio Mogambo Mz 34 L 67', '1', 108, '2021-11-09 19:59:37', '2021-11-09 19:59:37'),
(95, '2021-11-09 15:01:45', 'Barrio Mogambo Mz 34 L 67', '1', 109, '2021-11-09 20:01:45', '2021-11-09 20:01:45'),
(96, '2021-11-09 15:05:13', 'Barrio Mogambo Mz 34 L 67', '1', 110, '2021-11-09 20:05:13', '2021-11-09 20:05:13'),
(97, '2021-11-09 15:12:10', 'Barrio Mogambo Mz 34 L 67', '1', 111, '2021-11-09 20:12:10', '2021-11-09 20:12:10'),
(98, '2021-11-09 15:17:01', 'Barrio Mogambo Mz 34 L 67', '1', 112, '2021-11-09 20:17:01', '2021-11-09 20:17:01'),
(99, '2021-11-09 15:20:33', 'Barrio Mogambo Mz 34 L 67', '1', 113, '2021-11-09 20:20:33', '2021-11-09 20:20:33'),
(100, '2021-11-09 15:23:43', 'Barrio Mogambo Mz 34 L 67', '1', 114, '2021-11-09 20:23:43', '2021-11-09 20:23:43'),
(101, '2021-11-09 15:26:09', 'Barrio Mogambo Mz 34 L 67', '1', 115, '2021-11-09 20:26:09', '2021-11-09 20:26:09'),
(102, '2021-11-09 15:39:54', 'Barrio Mogambo Mz 34 L 67', '1', 116, '2021-11-09 20:39:54', '2021-11-09 20:39:54'),
(103, '2021-11-09 15:46:49', 'Barrio Mogambo Mz 34 L 67', '1', 117, '2021-11-09 20:46:49', '2021-11-09 20:46:49'),
(104, '2021-11-09 15:50:14', 'Barrio Mogambo Mz 34 L 67', '1', 118, '2021-11-09 20:50:14', '2021-11-09 20:50:14'),
(105, '2021-11-09 15:52:37', 'Barrio Mogambo Mz 34 L 67', '1', 119, '2021-11-09 20:52:37', '2021-11-09 20:52:37'),
(106, '2021-11-09 16:52:11', 'Barrio Mogambo Mz 34 L 67', '1', 120, '2021-11-09 21:52:11', '2021-11-09 21:52:11'),
(107, '2021-11-09 16:58:34', 'Barrio Mogambo Mz 34 L 67', '1', 121, '2021-11-09 21:58:34', '2021-11-09 21:58:34'),
(109, '2021-11-10 11:52:28', 'Barrio Mogambo Mz 34 L 67', '1', 123, '2021-11-10 16:52:28', '2021-11-10 16:52:28'),
(110, '2021-11-10 11:59:43', 'Barrio Mogambo Mz 34 L 67', '1', 124, '2021-11-10 16:59:43', '2021-11-10 16:59:43'),
(111, '2021-11-10 12:42:59', 'Barrio Mogambo Mz 34 L 67', '1', 125, '2021-11-10 17:42:59', '2021-11-10 17:42:59'),
(112, '2021-11-10 13:04:18', 'Barrio Mogambo Mz 34 L 67', '1', 126, '2021-11-10 18:04:18', '2021-11-10 18:04:18'),
(113, '2021-11-10 13:07:11', 'Barrio Mogambo Mz 34 L 67', '1', 127, '2021-11-10 18:07:11', '2021-11-10 18:07:11'),
(114, '2021-11-10 14:04:58', 'Barrio Mogambo Mz 34 L 67', '1', 128, '2021-11-10 19:04:58', '2021-11-10 19:04:58'),
(115, '2021-11-10 14:12:11', 'Barrio Mogambo Mz 34 L 67', '1', 129, '2021-11-10 19:12:11', '2021-11-10 19:12:11'),
(116, '2022-04-24 13:56:10', 'Barrio Mogambo Mz 64 L 67', '1', 130, '2022-04-24 18:56:10', '2022-04-24 18:56:10'),
(117, '2022-09-18 14:14:46', 'Barrio Mogambo Mz 64 L 67', '1', 131, '2022-09-18 19:14:46', '2022-09-18 19:14:46'),
(118, '2023-01-02 13:02:09', 'Barrio Mogambo Mz 64 L 67', '1', 132, '2023-01-02 18:02:09', '2023-01-02 18:02:09'),
(119, '2023-01-22 12:48:23', 'Barrio Mogambo Mz 64 L 67', '2', 133, '2023-01-22 17:48:23', '2023-04-07 17:10:02');

-- --------------------------------------------------------

--
-- Estructura de tabla para la tabla `productos`
--

CREATE TABLE `productos` (
  `id` int(10) UNSIGNED NOT NULL,
  `nombre` varchar(191) COLLATE utf8mb4_unicode_ci NOT NULL,
  `descripcion_corta` varchar(191) COLLATE utf8mb4_unicode_ci NOT NULL,
  `descripcion_larga` varchar(191) COLLATE utf8mb4_unicode_ci NOT NULL,
  `especificaciones` varchar(191) COLLATE utf8mb4_unicode_ci NOT NULL,
  `marca` varchar(191) COLLATE utf8mb4_unicode_ci NOT NULL,
  `precio_actual` decimal(8,0) NOT NULL,
  `precio_anterior` decimal(8,0) NOT NULL,
  `porcentaje_descuento` varchar(191) COLLATE utf8mb4_unicode_ci NOT NULL,
  `estado` enum('1','2') COLLATE utf8mb4_unicode_ci NOT NULL,
  `slider_principal` varchar(191) COLLATE utf8mb4_unicode_ci NOT NULL,
  `tipo_id` int(11) DEFAULT NULL,
  `created_at` timestamp NULL DEFAULT NULL,
  `updated_at` timestamp NULL DEFAULT NULL
) ENGINE=InnoDB DEFAULT CHARSET=utf8mb4 COLLATE=utf8mb4_unicode_ci;

--
-- Volcado de datos para la tabla `productos`
--

INSERT INTO `productos` (`id`, `nombre`, `descripcion_corta`, `descripcion_larga`, `especificaciones`, `marca`, `precio_actual`, `precio_anterior`, `porcentaje_descuento`, `estado`, `slider_principal`, `tipo_id`, `created_at`, `updated_at`) VALUES
(8, 'botas iowa terra', '<p>Botas iowa negras, las originales! En materiales de alta calidad</p>', '<ol>\r\n	<li>Elaboradas con materiales de alta calidad.</li>\r\n	<li>Ideales para trabajo duro.</li>\r\n	<li>Livianas y resistentes.</li>\r\n	<li>Suela de material sint&eacute;tico.</li>\r\n	<li>Resist', '<ol>\r\n	<li>Colores: negro, azul, blanco, rojo.</li>\r\n	<li>Marca: Iowa.</li>\r\n	<li>Material de la suela: sint&eacute;tico.</li>\r\n	<li>Pa&iacute;s de origen: E.U.</li>\r\n	<li>Peso: 250 gr.</li>\r', 'iowa', '133000', '140000', '5', '2', 'No', 3, '2020-06-22 22:27:28', '2022-08-06 20:22:48'),
(9, 'vestido de verano', '<p>vestido de verano</p>', '<p>vestido de verano</p>', '<ul>\r\n	<li>Tela de algod&oacute;n</li>\r\n	<li>Varios colores</li>\r\n</ul>', 'studio f', '63650', '67000', '5', '2', 'No', 2, '2020-07-01 20:38:32', '2021-01-02 18:15:09'),
(10, 'vestido de rayas', '<p>vestido de rayas&nbsp;</p>', '<p>vestido de rayas elaborado en algod&oacute;n muy fresco</p>', '<p>tela: algod&oacute;n</p>\r\n\r\n<p>estampado: rayas</p>', 'gucci', '145000', '145000', '0', '1', 'Si', 2, '2020-07-17 20:45:50', '2020-08-13 19:48:34'),
(11, 'saco de lana gris', '<p>saco de lana gris</p>', '<p>saco de lana gris</p>', '<p>saco de lana gris</p>', 'versace', '90000', '90000', '0', '1', 'Si', 5, '2020-07-17 21:00:07', '2020-08-11 19:58:19'),
(12, 'abrigo de marta', '<p>abrigo de marta</p>', '<p>abrigo de marta</p>', '<p>abrigo de marta</p>', 'Gucci', '134000', '137000', '0', '1', 'Si', 5, '2020-07-17 21:05:37', '2020-08-11 19:59:49'),
(13, 'blusa de seda negra', '<p>blusa de seda negra</p>', '<p>blusa de seda negra</p>', '<p>blusa de seda negra</p>', 'lacoste', '120000', '120000', '0', '1', 'No', 4, '2020-07-17 21:09:54', '2020-08-15 19:26:00'),
(23, 'zapatos de niño', '<p>zapatos de ni&ntilde;o</p>', '<p>zapatos de ni&ntilde;o</p>', '<p>zapatos de ni&ntilde;o</p>', 'croydon', '60000', '60000', '0', '1', 'Si', 3, '2020-08-15 16:50:49', '2020-08-15 19:26:24'),
(27, 'zapatillas de niño rojo', '<p>zapatillas de ni&ntilde;o rojas</p>', '<p>zapatillas de ni&ntilde;o rojas</p>', '<p>zapatillas de ni&ntilde;o rojas</p>', 'lacoste', '90160', '98000', '8', '1', 'No', 3, '2020-11-16 20:21:30', '2020-11-16 20:21:30'),
(38, 'valetas colección primavera', '<p>valetas colecci&oacute;n primavera - verano</p>', '<p>valetas colecci&oacute;n primavera</p>', '<p>valetas colecci&oacute;n primavera</p>', 'Channel', '83895', '98700', '15', '2', 'Si', 6, '2020-12-20 21:17:10', '2021-01-01 16:03:51'),
(39, 'valetas colección orquídeas', '<p>valetas colecci&oacute;n orqu&iacute;deas</p>', '<p>valetas colecci&oacute;n orqu&iacute;deas</p>', '<p>valetas colecci&oacute;n orqu&iacute;deas</p>', 'havaianas', '74166', '78900', '6', '1', 'Si', 6, '2020-12-21 17:44:57', '2020-12-21 17:44:57'),
(40, 'plataforma de tacón alto en gamuza', '<p>plataforma de tac&oacute;n alto en gamuza</p>', '<ul>\r\n	<li>En varios colores.</li>\r\n	<li>Completamente elegantes.</li>\r\n	<li>Elaboradas en materiales de alta calidad</li>\r\n</ul>', '<ul>\r\n	<li>Elaboradas en gamuza</li>\r\n	<li>Suela sintetica</li>\r\n	<li>Impermeables</li>\r\n</ul>', 'Gucci', '54280', '59000', '8', '1', 'Si', 8, '2020-12-22 16:15:09', '2020-12-22 16:15:09'),
(41, 'Tacones altos paraíso', '<p>Tacones altos para&iacute;so</p>', '<p>Tacones altos para&iacute;so</p>', '<p>Tacones altos para&iacute;so</p>', 'bristol', '36464', '42400', '14', '1', 'Si', 7, '2021-01-01 16:23:07', '2021-01-01 16:23:07'),
(42, 'tacones colección primavera', '<p>tacones colecci&oacute;n primavera</p>', '<p>tacones colecci&oacute;n primavera</p>', '<p>tacones colecci&oacute;n primavera</p>', 'Azaleia', '37179', '45900', '19', '1', 'Si', 7, '2021-01-02 17:19:20', '2021-01-02 17:19:20'),
(43, 'sandalias planas coral', '<p>sandalias planas coral</p>', '<p>sandalias planas coral</p>', '<p>sandalias planas coral</p>', 'Studio f', '30940', '34000', '9', '1', 'Si', 6, '2021-02-16 16:34:02', '2021-02-16 16:34:02'),
(44, 'Baletas colección ecuatorial', '<p>Baletas de alta calidad</p>', '<p>Baletas de alta calidad</p>', '<p>Baletas de alta calidad</p>', 'Lorgeliz', '34800', '34800', '0', '1', 'Si', 6, '2022-09-03 20:35:44', '2022-09-03 20:35:44'),
(45, 'Baletas colección manantial', '<p>Baletas colecci&oacute;n manantial</p>', '<p>Baletas colecci&oacute;n manantial</p>', '<p>Baletas colecci&oacute;n manantial</p>', 'Lorgeliz', '54000', '54000', '0', '1', 'Si', 6, '2022-09-03 20:45:12', '2022-09-03 20:45:12'),
(46, 'Baletas colección floral', '<p>Baletas colecci&oacute;n floral</p>', '<p>Baletas colecci&oacute;n floral</p>', '<p>Baletas colecci&oacute;n floral</p>', 'Lorgeliz', '67000', '67000', '0', '1', 'No', 6, '2022-09-16 01:38:33', '2022-09-16 01:38:33'),
(48, 'Baletas colección rubí', '<p>Baletas colecci&oacute;n rub&iacute;</p>', '<p>Baletas c&oacute;modas y elegantes</p>', '<ul>\r\n	<li>Elaboras en castor</li>\r\n</ul>', 'Lorgeliz', '54000', '54000', '0', '1', 'No', 6, '2023-03-19 18:25:58', '2023-03-19 18:25:58'),
(49, 'Short dama', '<p>Short dama</p>', '<p>Short dama</p>', '<ul>\r\n	<li>Elaborado en denim</li>\r\n	<li>Colores surtidos</li>\r\n</ul>', 'Lorgeliz', '45000', '45000', '0', '1', 'No', 9, '2023-03-19 18:39:27', '2023-03-19 18:39:27');

-- --------------------------------------------------------

--
-- Estructura de tabla para la tabla `producto_referencia`
--

CREATE TABLE `producto_referencia` (
  `id` int(11) NOT NULL,
  `color_producto_id` int(11) NOT NULL,
  `talla_id` int(11) NOT NULL,
  `stock` int(20) NOT NULL
) ENGINE=InnoDB DEFAULT CHARSET=utf8 COLLATE=utf8_unicode_ci;

--
-- Volcado de datos para la tabla `producto_referencia`
--

INSERT INTO `producto_referencia` (`id`, `color_producto_id`, `talla_id`, `stock`) VALUES
(4, 1, 1, 8),
(5, 2, 2, 5),
(6, 3, 1, 0),
(7, 4, 2, 5),
(8, 5, 1, 5),
(11, 8, 4, 11),
(13, 10, 3, 4),
(17, 11, 3, 1),
(18, 11, 4, 3),
(19, 8, 3, 9),
(20, 10, 4, 0),
(21, 12, 3, 7),
(22, 16, 4, 2),
(24, 18, 3, 0),
(26, 20, 3, 0),
(27, 21, 4, 0),
(28, 28, 2, 2),
(29, 29, 2, 2),
(31, 1, 2, 8),
(32, 12, 4, 10),
(33, 21, 3, 0),
(34, 20, 4, 0),
(35, 18, 4, 7),
(36, 35, 3, 1),
(37, 34, 3, 2),
(38, 35, 4, 5);

-- --------------------------------------------------------

--
-- Estructura de tabla para la tabla `producto_venta`
--

CREATE TABLE `producto_venta` (
  `id` int(11) NOT NULL,
  `producto_referencia_id` int(11) NOT NULL,
  `venta_id` int(10) UNSIGNED NOT NULL,
  `cantidad` int(11) NOT NULL,
  `precio_venta` decimal(10,0) DEFAULT NULL,
  `porcentaje_descuento` decimal(10,0) DEFAULT NULL
) ENGINE=InnoDB DEFAULT CHARSET=utf8mb4 COLLATE=utf8mb4_unicode_ci;

--
-- Volcado de datos para la tabla `producto_venta`
--

INSERT INTO `producto_venta` (`id`, `producto_referencia_id`, `venta_id`, `cantidad`, `precio_venta`, `porcentaje_descuento`) VALUES
(9, 4, 16, 1, NULL, NULL),
(11, 4, 17, 1, NULL, NULL),
(12, 11, 18, 1, NULL, NULL),
(13, 4, 19, 1, NULL, NULL),
(14, 11, 20, 1, NULL, NULL),
(19, 4, 22, 1, NULL, NULL),
(20, 6, 23, 1, NULL, NULL),
(21, 6, 24, 1, NULL, NULL),
(22, 17, 22, 1, NULL, NULL),
(25, 11, 26, 2, NULL, NULL),
(26, 4, 26, 1, NULL, NULL),
(27, 4, 27, 1, NULL, NULL),
(28, 6, 27, 1, NULL, NULL),
(29, 4, 28, 2, NULL, NULL),
(30, 6, 28, 1, NULL, NULL),
(31, 4, 29, 1, NULL, NULL),
(32, 5, 29, 1, NULL, NULL),
(35, 17, 31, 1, NULL, NULL),
(36, 8, 31, 1, NULL, NULL),
(37, 7, 33, 1, NULL, NULL),
(38, 17, 33, 1, NULL, NULL),
(41, 11, 35, 1, NULL, NULL),
(42, 7, 35, 1, NULL, NULL),
(43, 11, 36, 2, NULL, NULL),
(44, 7, 36, 2, NULL, NULL),
(45, 8, 37, 1, NULL, NULL),
(46, 6, 37, 2, NULL, NULL),
(47, 19, 38, 3, NULL, NULL),
(52, 6, 40, 1, NULL, NULL),
(53, 7, 40, 1, NULL, NULL),
(54, 20, 40, 1, NULL, NULL),
(55, 5, 40, 2, NULL, NULL),
(56, 4, 41, 1, NULL, NULL),
(57, 8, 42, 1, NULL, NULL),
(58, 6, 43, 1, NULL, NULL),
(59, 7, 44, 1, NULL, NULL),
(60, 20, 45, 1, NULL, NULL),
(61, 17, 46, 1, NULL, NULL),
(62, 6, 47, 1, NULL, NULL),
(63, 7, 48, 1, NULL, NULL),
(64, 8, 49, 1, NULL, NULL),
(65, 13, 50, 1, NULL, NULL),
(66, 6, 51, 2, NULL, NULL),
(67, 7, 51, 1, NULL, NULL),
(68, 21, 52, 3, NULL, NULL),
(69, 7, 53, 1, NULL, NULL),
(70, 8, 54, 1, NULL, NULL),
(71, 13, 55, 2, NULL, NULL),
(72, 18, 55, 1, NULL, NULL),
(77, 18, 57, 2, NULL, NULL),
(78, 7, 57, 2, NULL, NULL),
(79, 17, 57, 1, NULL, NULL),
(80, 13, 57, 1, NULL, NULL),
(81, 18, 58, 1, NULL, NULL),
(82, 18, 59, 1, NULL, NULL),
(83, 17, 60, 3, NULL, NULL),
(84, 18, 60, 2, NULL, NULL),
(85, 8, 61, 1, NULL, NULL),
(86, 20, 61, 1, NULL, NULL),
(87, 20, 62, 1, NULL, NULL),
(88, 5, 62, 1, NULL, NULL),
(89, 19, 63, 1, NULL, NULL),
(90, 13, 64, 1, NULL, NULL),
(91, 17, 65, 1, NULL, NULL),
(92, 4, 66, 3, NULL, NULL),
(93, 7, 66, 1, NULL, NULL),
(94, 4, 67, 1, NULL, NULL),
(95, 19, 67, 2, NULL, NULL),
(96, 27, 67, 2, NULL, NULL),
(97, 24, 67, 2, NULL, NULL),
(98, 22, 68, 3, NULL, NULL),
(99, 26, 68, 3, NULL, NULL),
(100, 7, 68, 1, NULL, NULL),
(101, 24, 68, 1, NULL, NULL),
(102, 5, 68, 1, NULL, NULL),
(103, 27, 68, 8, NULL, NULL),
(104, 7, 69, 4, NULL, NULL),
(105, 8, 69, 3, NULL, NULL),
(106, 17, 69, 3, NULL, NULL),
(107, 26, 69, 2, NULL, NULL),
(108, 20, 70, 1, NULL, NULL),
(109, 22, 71, 1, NULL, NULL),
(110, 28, 72, 2, NULL, NULL),
(111, 7, 73, 4, NULL, NULL),
(112, 13, 73, 4, NULL, NULL),
(113, 33, 73, 1, NULL, NULL),
(114, 21, 74, 2, NULL, NULL),
(115, 19, 74, 3, NULL, NULL),
(116, 33, 74, 2, NULL, NULL),
(117, 13, 74, 2, NULL, NULL),
(118, 11, 75, 1, NULL, NULL),
(119, 4, 76, 2, NULL, NULL),
(120, 7, 77, 1, NULL, NULL),
(121, 18, 77, 2, NULL, NULL),
(122, 20, 78, 2, NULL, NULL),
(123, 19, 78, 1, NULL, NULL),
(124, 31, 78, 1, NULL, NULL),
(125, 18, 78, 1, NULL, NULL),
(126, 27, 78, 2, NULL, NULL),
(127, 32, 78, 1, NULL, NULL),
(128, 11, 79, 2, NULL, NULL),
(129, 7, 80, 1, NULL, NULL),
(130, 21, 81, 1, NULL, NULL),
(131, 18, 82, 1, NULL, NULL),
(132, 34, 83, 1, NULL, NULL),
(133, 17, 84, 1, NULL, NULL),
(134, 18, 85, 1, NULL, NULL),
(135, 7, 86, 1, NULL, NULL),
(136, 32, 86, 1, NULL, NULL),
(137, 8, 87, 1, NULL, NULL),
(138, 34, 87, 1, NULL, NULL),
(139, 32, 88, 1, '60000', NULL),
(140, 33, 88, 1, '74166', NULL),
(153, 17, 91, 3, NULL, NULL),
(154, 7, 91, 1, NULL, NULL),
(155, 4, 91, 1, NULL, NULL),
(156, 34, 91, 1, NULL, NULL),
(157, 8, 91, 1, NULL, NULL),
(158, 21, 91, 1, NULL, NULL),
(159, 17, 92, 1, NULL, NULL),
(160, 18, 92, 1, NULL, NULL),
(161, 17, 93, 1, NULL, NULL),
(162, 18, 93, 1, NULL, NULL),
(163, 7, 93, 1, NULL, NULL),
(164, 17, 94, 1, NULL, NULL),
(165, 18, 94, 1, NULL, NULL),
(166, 34, 94, 1, NULL, NULL),
(167, 18, 95, 1, NULL, NULL),
(168, 17, 95, 1, NULL, NULL),
(169, 26, 95, 1, NULL, NULL),
(170, 17, 96, 1, NULL, NULL),
(171, 18, 96, 1, NULL, NULL),
(172, 11, 96, 1, NULL, NULL),
(173, 19, 96, 1, NULL, NULL),
(174, 11, 97, 1, NULL, NULL),
(175, 20, 97, 1, NULL, NULL),
(176, 20, 98, 1, NULL, NULL),
(177, 18, 98, 1, NULL, NULL),
(178, 17, 98, 1, NULL, NULL),
(179, 18, 99, 1, NULL, NULL),
(180, 20, 99, 1, NULL, NULL),
(181, 20, 100, 1, NULL, NULL),
(182, 18, 100, 1, NULL, NULL),
(183, 17, 101, 1, NULL, NULL),
(184, 17, 102, 1, NULL, NULL),
(185, 13, 102, 1, NULL, NULL),
(186, 13, 103, 1, NULL, NULL),
(187, 17, 103, 1, NULL, NULL),
(188, 17, 104, 1, NULL, NULL),
(189, 13, 104, 1, NULL, NULL),
(190, 13, 105, 1, NULL, NULL),
(191, 17, 105, 1, NULL, NULL),
(192, 17, 106, 1, NULL, NULL),
(193, 13, 106, 1, NULL, NULL),
(194, 13, 107, 1, NULL, NULL),
(195, 17, 107, 1, NULL, NULL),
(196, 17, 108, 1, NULL, NULL),
(197, 13, 108, 1, NULL, NULL),
(198, 13, 109, 1, NULL, NULL),
(199, 17, 109, 1, NULL, NULL),
(200, 17, 110, 1, NULL, NULL),
(201, 13, 110, 1, NULL, NULL),
(202, 13, 111, 1, NULL, NULL),
(203, 17, 111, 1, NULL, NULL),
(204, 17, 112, 1, NULL, NULL),
(205, 13, 112, 1, NULL, NULL),
(206, 13, 113, 1, NULL, NULL),
(207, 17, 113, 1, NULL, NULL),
(208, 17, 114, 1, NULL, NULL),
(209, 13, 114, 1, NULL, NULL),
(210, 13, 115, 1, NULL, NULL),
(211, 17, 115, 1, NULL, NULL),
(212, 17, 116, 1, NULL, NULL),
(213, 13, 116, 1, NULL, NULL),
(214, 13, 117, 1, NULL, NULL),
(215, 17, 117, 1, NULL, NULL),
(216, 17, 118, 1, NULL, NULL),
(217, 13, 118, 1, NULL, NULL),
(218, 13, 119, 1, NULL, NULL),
(219, 17, 119, 1, NULL, NULL),
(220, 17, 120, 1, NULL, NULL),
(221, 18, 120, 1, NULL, NULL),
(222, 13, 120, 1, NULL, NULL),
(223, 20, 120, 1, NULL, NULL),
(224, 26, 120, 1, NULL, NULL),
(225, 34, 120, 1, NULL, NULL),
(226, 34, 121, 1, NULL, NULL),
(227, 13, 121, 1, NULL, NULL),
(228, 18, 121, 1, NULL, NULL),
(233, 13, 123, 1, NULL, NULL),
(234, 17, 123, 1, NULL, NULL),
(235, 18, 123, 1, NULL, NULL),
(236, 26, 123, 1, NULL, NULL),
(237, 26, 124, 1, NULL, NULL),
(238, 17, 124, 1, NULL, NULL),
(239, 13, 124, 1, NULL, NULL),
(240, 13, 125, 1, NULL, NULL),
(241, 17, 125, 1, NULL, NULL),
(242, 26, 125, 1, NULL, NULL),
(243, 26, 126, 1, NULL, NULL),
(244, 13, 126, 1, NULL, NULL),
(245, 17, 126, 1, NULL, NULL),
(246, 17, 127, 1, NULL, NULL),
(247, 13, 127, 1, NULL, NULL),
(248, 26, 127, 1, NULL, NULL),
(249, 17, 128, 1, NULL, NULL),
(250, 13, 128, 1, NULL, NULL),
(251, 26, 128, 1, NULL, NULL),
(252, 26, 129, 1, NULL, NULL),
(253, 13, 129, 1, NULL, NULL),
(254, 32, 130, 1, '60000', '0'),
(255, 21, 130, 1, '60000', '0'),
(256, 6, 130, 1, '145000', '0'),
(257, 7, 131, 1, '90000', '0'),
(258, 7, 132, 2, '90000', '0'),
(259, 21, 132, 1, '60000', '0'),
(260, 37, 133, 1, '54000', '0'),
(261, 7, 133, 1, '90000', '0'),
(262, 19, 133, 1, '133000', '5');

--
-- Disparadores `producto_venta`
--
DELIMITER $$
CREATE TRIGGER `tr_updateStockVenta` AFTER INSERT ON `producto_venta` FOR EACH ROW BEGIN
UPDATE producto_referencia SET stock = stock - NEW.cantidad
WHERE producto_referencia.id = NEW.producto_referencia_id;
END
$$
DELIMITER ;

-- --------------------------------------------------------

--
-- Estructura de tabla para la tabla `proveedores`
--

CREATE TABLE `proveedores` (
  `id` int(10) UNSIGNED NOT NULL,
  `nombre` varchar(191) COLLATE utf8mb4_unicode_ci NOT NULL,
  `razon_social` varchar(191) COLLATE utf8mb4_unicode_ci NOT NULL,
  `nit` varchar(191) COLLATE utf8mb4_unicode_ci NOT NULL,
  `direccion` varchar(191) COLLATE utf8mb4_unicode_ci NOT NULL,
  `telefono` varchar(191) COLLATE utf8mb4_unicode_ci NOT NULL,
  `email` varchar(191) COLLATE utf8mb4_unicode_ci NOT NULL,
  `slug` varchar(191) COLLATE utf8mb4_unicode_ci NOT NULL,
  `created_at` timestamp NULL DEFAULT NULL,
  `updated_at` timestamp NULL DEFAULT NULL
) ENGINE=InnoDB DEFAULT CHARSET=utf8mb4 COLLATE=utf8mb4_unicode_ci;

--
-- Volcado de datos para la tabla `proveedores`
--

INSERT INTO `proveedores` (`id`, `nombre`, `razon_social`, `nit`, `direccion`, `telefono`, `email`, `slug`, `created_at`, `updated_at`) VALUES
(1, 'Intermoda', 'Intermoda SAS', '9002341567-6', 'Calle 34 N° 12-35 Montería', '7865673', 'info@intermoda.com.co', 'intermoda', '2020-06-19 23:23:03', '2020-06-20 00:17:09');

-- --------------------------------------------------------

--
-- Estructura de tabla para la tabla `roles`
--

CREATE TABLE `roles` (
  `id` int(10) UNSIGNED NOT NULL,
  `nombre` varchar(191) COLLATE utf8mb4_unicode_ci NOT NULL,
  `descripcion` varchar(191) COLLATE utf8mb4_unicode_ci NOT NULL,
  `created_at` timestamp NULL DEFAULT NULL,
  `updated_at` timestamp NULL DEFAULT NULL
) ENGINE=InnoDB DEFAULT CHARSET=utf8mb4 COLLATE=utf8mb4_unicode_ci;

--
-- Volcado de datos para la tabla `roles`
--

INSERT INTO `roles` (`id`, `nombre`, `descripcion`, `created_at`, `updated_at`) VALUES
(1, 'cliente', 'usuario con rol cliente', '2020-06-26 15:46:00', '2020-06-26 15:46:00'),
(2, 'administrador', 'usuario con rol administrador', '2020-06-26 15:47:00', '2020-06-26 15:48:00');

-- --------------------------------------------------------

--
-- Estructura de tabla para la tabla `subcategorias`
--

CREATE TABLE `subcategorias` (
  `id` int(10) UNSIGNED NOT NULL,
  `nombre` varchar(120) COLLATE utf8mb4_unicode_ci NOT NULL,
  `descripcion` text COLLATE utf8mb4_unicode_ci NOT NULL,
  `slug` varchar(255) COLLATE utf8mb4_unicode_ci NOT NULL,
  `categoria_id` int(10) UNSIGNED NOT NULL,
  `created_at` timestamp NULL DEFAULT NULL,
  `updated_at` timestamp NULL DEFAULT NULL
) ENGINE=InnoDB DEFAULT CHARSET=utf8mb4 COLLATE=utf8mb4_unicode_ci;

--
-- Volcado de datos para la tabla `subcategorias`
--

INSERT INTO `subcategorias` (`id`, `nombre`, `descripcion`, `slug`, `categoria_id`, `created_at`, `updated_at`) VALUES
(1, 'Vestuario', 'vestuario de hombres.', 'vestuario-de-hombres', 1, '2020-06-22 15:58:00', '2021-04-04 17:47:28'),
(2, 'Vestuario', 'vestuario de mujeres', 'vestuario-de-mujeres', 2, '2020-06-22 15:59:00', '2020-06-22 15:59:00'),
(3, 'Calzado ', 'calzado de hombre', 'calzado-de-hombre', 1, '2020-06-22 16:01:00', '2020-06-22 16:01:00'),
(4, 'Calzado', 'calzado de mujer', 'calzado-de-mujer', 2, '2020-06-22 16:02:00', '2020-12-13 21:10:38'),
(5, 'Calzado', 'Calzado para niños y niñas', 'calzado-para-ninos-y-ninas', 3, '2020-12-31 18:01:40', '2020-12-31 18:10:15'),
(7, 'vestuario', 'Vestuario para niños', 'vestuario-para-ninos', 3, '2020-12-31 18:12:30', '2020-12-31 18:12:30');

-- --------------------------------------------------------

--
-- Estructura de tabla para la tabla `tallas`
--

CREATE TABLE `tallas` (
  `id` int(11) NOT NULL,
  `nombre` varchar(30) COLLATE utf8_unicode_ci NOT NULL,
  `descripcion` text COLLATE utf8_unicode_ci NOT NULL
) ENGINE=InnoDB DEFAULT CHARSET=utf8 COLLATE=utf8_unicode_ci;

--
-- Volcado de datos para la tabla `tallas`
--

INSERT INTO `tallas` (`id`, `nombre`, `descripcion`) VALUES
(1, 'S', 'S'),
(2, 'L', 'L'),
(3, '38', '38'),
(4, '40', '40'),
(7, 'M', 'M');

-- --------------------------------------------------------

--
-- Estructura de tabla para la tabla `talla_tipo`
--

CREATE TABLE `talla_tipo` (
  `id` int(30) NOT NULL,
  `talla_id` int(11) NOT NULL,
  `tipo_id` int(11) NOT NULL
) ENGINE=InnoDB DEFAULT CHARSET=utf8 COLLATE=utf8_unicode_ci;

--
-- Volcado de datos para la tabla `talla_tipo`
--

INSERT INTO `talla_tipo` (`id`, `talla_id`, `tipo_id`) VALUES
(1, 3, 8),
(2, 4, 6),
(3, 3, 3),
(4, 4, 3),
(7, 2, 5),
(19, 1, 4),
(20, 2, 4),
(21, 7, 4),
(22, 3, 7),
(23, 4, 7),
(24, 1, 2),
(25, 2, 2),
(26, 7, 2),
(27, 1, 1),
(28, 2, 1),
(29, 7, 1),
(30, 3, 6);

-- --------------------------------------------------------

--
-- Estructura de tabla para la tabla `tipos`
--

CREATE TABLE `tipos` (
  `id` int(11) NOT NULL,
  `nombre` varchar(30) COLLATE utf8_unicode_ci NOT NULL,
  `descripcion` varchar(30) COLLATE utf8_unicode_ci NOT NULL,
  `slug` varchar(30) COLLATE utf8_unicode_ci NOT NULL,
  `subcategoria_id` int(10) UNSIGNED NOT NULL,
  `created_at` timestamp NOT NULL DEFAULT CURRENT_TIMESTAMP ON UPDATE CURRENT_TIMESTAMP,
  `updated_at` timestamp NOT NULL DEFAULT CURRENT_TIMESTAMP
) ENGINE=InnoDB DEFAULT CHARSET=utf8 COLLATE=utf8_unicode_ci;

--
-- Volcado de datos para la tabla `tipos`
--

INSERT INTO `tipos` (`id`, `nombre`, `descripcion`, `slug`, `subcategoria_id`, `created_at`, `updated_at`) VALUES
(1, 'camisetas', 'camisetas de hombre', 'camisetas', 1, '2020-12-03 17:41:10', '0000-00-00 00:00:00'),
(2, 'vestidos', 'vestidos', 'vestidos', 2, '2020-12-03 17:41:10', '0000-00-00 00:00:00'),
(3, 'zapatos', 'zapatos', 'zapatos', 3, '2020-12-03 17:41:10', '0000-00-00 00:00:00'),
(4, 'blusas', 'blusas', 'blusas', 2, '2020-12-03 17:41:10', '0000-00-00 00:00:00'),
(5, 'abrigos', 'abrigos', 'abrigos', 2, '2020-12-03 17:41:10', '0000-00-00 00:00:00'),
(6, 'valetas', 'valetas', 'valetas-de-mujer', 4, '2021-02-12 16:10:41', '0000-00-00 00:00:00'),
(7, 'tacones', 'tacones altos', 'tacones-de-mujer', 4, '2021-02-12 16:12:45', '2021-02-12 16:12:45'),
(8, 'plataformas', 'plataformas', 'plataformas-altas', 4, '2021-02-12 16:12:45', '2021-02-12 16:12:45'),
(9, 'shorts', 'Shorts para damas', 'shorts-para-damas', 2, '2021-04-18 16:12:48', '2021-04-18 16:12:48');

-- --------------------------------------------------------

--
-- Estructura de tabla para la tabla `users`
--

CREATE TABLE `users` (
  `id` int(10) UNSIGNED NOT NULL,
  `role_id` int(10) UNSIGNED NOT NULL DEFAULT '1',
  `identificacion` varchar(191) COLLATE utf8mb4_unicode_ci NOT NULL,
  `nombres` varchar(191) COLLATE utf8mb4_unicode_ci NOT NULL,
  `apellidos` varchar(191) COLLATE utf8mb4_unicode_ci NOT NULL,
  `departamento` varchar(191) COLLATE utf8mb4_unicode_ci NOT NULL,
  `municipio` varchar(191) COLLATE utf8mb4_unicode_ci NOT NULL,
  `direccion` varchar(191) COLLATE utf8mb4_unicode_ci NOT NULL,
  `telefono` varchar(191) COLLATE utf8mb4_unicode_ci NOT NULL,
  `email` varchar(191) COLLATE utf8mb4_unicode_ci NOT NULL,
  `email_verified_at` timestamp NULL DEFAULT NULL,
  `username` varchar(191) COLLATE utf8mb4_unicode_ci NOT NULL,
  `password` varchar(191) COLLATE utf8mb4_unicode_ci NOT NULL,
  `slug` varchar(191) COLLATE utf8mb4_unicode_ci DEFAULT NULL,
  `remember_token` varchar(100) COLLATE utf8mb4_unicode_ci DEFAULT NULL,
  `created_at` timestamp NULL DEFAULT NULL,
  `updated_at` timestamp NULL DEFAULT NULL
) ENGINE=InnoDB DEFAULT CHARSET=utf8mb4 COLLATE=utf8mb4_unicode_ci;

--
-- Volcado de datos para la tabla `users`
--

INSERT INTO `users` (`id`, `role_id`, `identificacion`, `nombres`, `apellidos`, `departamento`, `municipio`, `direccion`, `telefono`, `email`, `email_verified_at`, `username`, `password`, `slug`, `remember_token`, `created_at`, `updated_at`) VALUES
(2, 2, '1067890778', 'Jhon Luis', 'Rojas Varela', 'Córdoba', 'Lorica', 'Barrio Mogambo Mz 64 L 67', '3174567898', 'fotosgraciosashd@gmail.com', NULL, 'admin12345', '$2y$10$r85PCgSfM4Wzjd1dFyiCzOomZClvQN/8HLz7CIwBnC0jT/ypX4iha', 'jhon-luis-rojas-varela', NULL, '2020-06-26 21:37:56', '2021-11-21 18:05:37'),
(3, 1, '10789085623', 'Diego', 'Ortega', 'Córdoba', 'Cereté', 'Cerete', '3245678903', 'carteagajimenez@gmail.com', NULL, 'diego123', '$2y$10$d5r8E/Uv/yqLFU/iOrl7OulRlVj6DuUPKLanok237Als0Y2pqxGbq', 'diego-ortega', '8dKBqBdAxeEmUaS7MTYeTg7xKlw0PlWVaUM8QjiNUfYtbk1qONwV2koGSAq5', '2020-06-26 23:18:53', '2021-03-05 17:55:59'),
(4, 2, '10674569008', 'Hugo', 'Yepez Obando', 'Sucre', 'Tolú', 'Calle 23 N 12-56', '3214567896', 'hugyepoban@gmail.com', NULL, 'hugo123', '$2y$10$RhM1tcTmLAOxsE1XFJ5dpO7b2PAi12Qtnob6QNgKtD2rHGeCODJXC', 'hugo-yepez-obando', NULL, '2020-08-18 16:29:45', '2020-12-11 16:10:09'),
(8, 1, '1067238299', 'Pedro', 'Urzola', 'Antioquia', 'Caucasia', 'Montería', '3218003039', 'pedrourz@gmail.com', NULL, 'pedro', '12345678', NULL, NULL, '2021-02-16 20:33:09', '2021-02-16 20:33:09'),
(9, 1, '106283939', 'Cristian', 'Borrero', 'Magdalena', 'Plato', 'Montería', '3290202022', 'cristianbor@gmail.com', NULL, 'cristian', '12345678', NULL, NULL, '2021-02-16 20:39:31', '2021-02-16 20:39:31'),
(10, 2, '1067239020', 'Jairo', 'Rojas', 'Cesar', 'Becerril', 'Lorica', '3142982092', 'jairojas@gmail.com', NULL, 'jairo', '12345678', NULL, NULL, '2021-02-16 21:17:52', '2021-02-16 21:17:52'),
(11, 1, '1062845301', 'Luis', 'Gracia', 'Cauca', 'Popayán', 'Montería', '3182349071', 'luisgracia@gmail.com', NULL, 'luis123', '12345678', NULL, NULL, '2021-02-19 19:19:32', '2021-02-19 19:19:32'),
(12, 1, '1063623541', 'Omar', 'Torrijos', 'Córdoba', 'Sahagún', 'Montería', '3015925209', 'omartjos@gmail.com', NULL, 'omar21', '12345678', NULL, NULL, '2021-02-19 19:53:26', '2021-02-19 19:53:26'),
(13, 1, '1029390326', 'Kimberly', 'Osorio', '', '', 'Monteria', '321896789', 'mariosoto@gmail.com', NULL, 'kim123', '$2y$10$MD/knbyNQnv8zbbfbkbVbeshki4XAO1dbupdqfmf3rBRIycID7THa', NULL, NULL, '2021-03-20 17:03:22', '2021-03-20 17:03:22');

-- --------------------------------------------------------

--
-- Estructura de tabla para la tabla `ventas`
--

CREATE TABLE `ventas` (
  `id` int(10) UNSIGNED NOT NULL,
  `fecha` datetime NOT NULL,
  `subtotal` decimal(10,0) NOT NULL,
  `envio` decimal(10,0) NOT NULL,
  `valor` decimal(10,0) NOT NULL,
  `saldo` decimal(10,0) NOT NULL,
  `estado` enum('1','2','3') COLLATE utf8mb4_unicode_ci NOT NULL,
  `cliente_id` int(10) UNSIGNED NOT NULL,
  `factura_id` int(30) NOT NULL,
  `created_at` timestamp NULL DEFAULT NULL,
  `updated_at` timestamp NULL DEFAULT NULL
) ENGINE=InnoDB DEFAULT CHARSET=utf8mb4 COLLATE=utf8mb4_unicode_ci;

--
-- Volcado de datos para la tabla `ventas`
--

INSERT INTO `ventas` (`id`, `fecha`, `subtotal`, `envio`, `valor`, `saldo`, `estado`, `cliente_id`, `factura_id`, `created_at`, `updated_at`) VALUES
(16, '2020-07-18 15:58:20', '0', '0', '67000', '0', '1', 1, 1, '2020-07-18 21:00:39', '2020-07-18 21:00:39'),
(17, '2020-07-21 16:32:00', '0', '0', '67000', '67000', '2', 1, 2, '2020-07-21 21:32:00', '2022-04-30 20:26:31'),
(18, '2020-04-09 11:18:00', '0', '0', '140000', '0', '1', 1, 3, '2020-04-09 16:18:00', '2020-10-03 17:33:59'),
(19, '2020-05-19 12:18:00', '0', '0', '67000', '0', '1', 1, 4, '2020-05-19 17:18:00', '2020-05-19 17:18:00'),
(20, '2020-06-17 14:24:09', '0', '0', '140000', '0', '1', 1, 5, '2020-06-17 19:24:09', '2020-09-07 20:55:36'),
(22, '2020-09-02 15:49:50', '0', '0', '67000', '34000', '3', 1, 8, '2020-09-02 20:49:50', '2020-10-03 17:06:47'),
(23, '2020-09-07 10:53:16', '0', '0', '145000', '0', '3', 1, 9, '2020-09-07 15:53:16', '2020-09-07 15:53:16'),
(24, '2020-09-07 11:19:21', '0', '0', '145000', '0', '3', 1, 10, '2020-09-07 16:19:21', '2020-10-03 15:47:08'),
(26, '2020-10-04 12:59:25', '0', '0', '343650', '0', '2', 1, 12, '2020-10-04 17:59:25', '2020-10-04 17:59:25'),
(27, '2020-10-04 13:31:32', '0', '0', '208650', '208650', '1', 1, 13, '2020-10-04 18:31:32', '2022-04-30 20:19:00'),
(28, '2020-10-12 10:42:53', '0', '0', '272300', '272300', '2', 1, 14, '2020-10-12 15:42:53', '2020-10-12 15:42:53'),
(29, '2020-10-12 10:54:12', '0', '0', '183650', '183650', '2', 1, 15, '2020-10-12 15:54:12', '2020-10-12 15:54:12'),
(31, '2020-10-12 11:39:24', '0', '0', '194000', '194000', '2', 1, 17, '2020-10-12 16:39:24', '2020-10-12 16:39:24'),
(33, '2020-10-12 12:03:23', '0', '0', '150000', '150000', '2', 1, 19, '2020-10-12 17:03:23', '2020-10-12 17:03:23'),
(35, '2020-10-13 13:24:23', '0', '0', '230000', '230000', '2', 1, 21, '2020-10-13 18:24:23', '2020-10-13 18:24:23'),
(36, '2020-11-08 11:08:43', '0', '0', '460000', '460000', '2', 1, 22, '2020-11-08 16:08:43', '2020-11-08 16:08:43'),
(37, '2020-11-16 18:04:57', '0', '0', '424000', '424000', '3', 1, 25, '2020-11-16 23:04:57', '2022-04-30 20:17:10'),
(38, '2020-11-16 18:12:27', '0', '0', '420000', '0', '1', 1, 26, '2020-11-16 23:12:27', '2020-11-16 23:12:27'),
(40, '2020-11-21 13:16:30', '0', '0', '535000', '535000', '2', 1, 28, '2020-11-21 18:16:30', '2020-11-21 18:16:30'),
(41, '2020-11-21 16:44:16', '0', '0', '63650', '63650', '2', 1, 29, '2020-11-21 21:44:16', '2020-11-21 21:44:16'),
(42, '2020-11-21 16:58:57', '0', '0', '134000', '134000', '2', 1, 30, '2020-11-21 21:58:57', '2020-11-21 21:58:57'),
(43, '2020-11-25 17:03:01', '0', '0', '145000', '145000', '2', 1, 31, '2020-11-25 22:03:01', '2020-11-25 22:03:01'),
(44, '2020-11-25 17:05:40', '0', '0', '90000', '90000', '2', 1, 32, '2020-11-25 22:05:40', '2020-11-25 22:05:40'),
(45, '2020-11-25 18:06:19', '0', '0', '60000', '60000', '2', 1, 33, '2020-11-25 23:06:19', '2020-11-25 23:06:19'),
(46, '2020-11-25 18:09:27', '0', '0', '60000', '60000', '2', 1, 34, '2020-11-25 23:09:27', '2020-11-25 23:09:27'),
(47, '2020-11-26 15:11:44', '0', '0', '145000', '145000', '2', 1, 35, '2020-11-26 20:11:44', '2020-11-26 20:11:44'),
(48, '2020-11-26 15:19:34', '0', '0', '90000', '90000', '2', 1, 36, '2020-11-26 20:19:34', '2020-11-26 20:19:34'),
(49, '2020-11-27 10:51:46', '0', '0', '134000', '134000', '2', 1, 37, '2020-11-27 15:51:46', '2020-11-27 15:51:46'),
(50, '2020-11-27 11:58:16', '0', '0', '60000', '0', '3', 1, 38, '2020-11-27 16:58:16', '2022-04-16 19:57:43'),
(51, '2020-12-08 10:45:31', '0', '0', '380000', '0', '1', 1, 39, '2020-12-08 15:45:31', '2020-12-08 15:45:31'),
(52, '2020-12-08 11:31:16', '0', '0', '180000', '0', '1', 1, 40, '2020-12-08 16:31:16', '2020-12-08 16:31:16'),
(53, '2020-12-08 12:45:01', '0', '0', '90000', '90000', '2', 1, 42, '2020-12-08 17:45:01', '2020-12-08 17:45:01'),
(54, '2020-12-08 14:04:33', '0', '0', '134000', '0', '2', 1, 43, '2020-12-08 19:04:33', '2020-12-08 19:04:33'),
(55, '2020-12-08 16:06:23', '0', '0', '180000', '0', '1', 1, 44, '2020-12-08 21:06:23', '2020-12-08 21:06:23'),
(57, '2020-12-12 10:34:19', '0', '0', '420000', '420000', '2', 1, 46, '2020-12-12 15:34:19', '2020-12-12 15:34:19'),
(58, '2020-12-12 10:41:22', '0', '0', '60000', '60000', '2', 1, 47, '2020-12-12 15:41:22', '2020-12-12 15:41:22'),
(59, '2020-12-13 10:32:11', '0', '0', '60000', '60000', '2', 1, 48, '2020-12-13 15:32:11', '2020-12-13 15:32:11'),
(60, '2020-12-15 15:31:15', '0', '0', '300000', '300000', '2', 1, 49, '2020-12-15 20:31:15', '2020-12-15 20:31:15'),
(61, '2020-12-15 15:58:19', '0', '0', '194000', '194000', '2', 1, 50, '2020-12-15 20:58:19', '2020-12-15 20:58:19'),
(62, '2020-12-15 16:08:50', '0', '0', '180000', '180000', '2', 1, 51, '2020-12-15 21:08:50', '2020-12-15 21:08:50'),
(63, '2020-12-16 17:57:03', '0', '0', '140000', '140000', '2', 3, 52, '2020-12-16 22:57:03', '2020-12-16 22:57:03'),
(64, '2020-12-17 10:46:45', '0', '0', '60000', '60000', '2', 3, 53, '2020-12-17 15:46:45', '2020-12-17 15:46:45'),
(65, '2020-12-17 11:04:07', '0', '0', '60000', '60000', '2', 3, 54, '2020-12-17 16:04:07', '2020-12-17 16:04:07'),
(66, '2020-12-18 10:53:56', '0', '0', '280950', '280950', '2', 1, 55, '2020-12-18 15:53:56', '2020-12-18 15:53:56'),
(67, '2020-12-24 12:02:30', '0', '0', '659772', '659772', '2', 1, 56, '2020-12-24 17:02:30', '2020-12-24 17:02:30'),
(68, '2021-01-12 19:42:21', '0', '0', '1000000', '1361406', '2', 1, 57, '2021-01-13 00:42:21', '2021-01-13 00:42:21'),
(69, '2021-01-13 16:27:03', '0', '0', '1090332', '1090332', '2', 1, 58, '2021-01-13 21:27:03', '2021-01-13 21:27:03'),
(70, '2021-01-21 11:13:14', '0', '0', '60000', '0', '1', 1, 59, '2021-01-21 16:13:14', '2021-01-21 16:13:14'),
(71, '2021-02-08 11:06:49', '0', '0', '83895', '83895', '2', 3, 60, '2021-02-08 16:06:49', '2021-02-08 16:06:49'),
(72, '2021-02-16 17:29:52', '0', '0', '61880', '61880', '2', 6, 61, '2021-02-16 22:29:52', '2021-02-16 22:29:52'),
(73, '2021-02-25 15:10:58', '0', '0', '674166', '674166', '2', 1, 62, '2021-02-25 20:10:58', '2021-02-25 20:10:58'),
(74, '2021-03-12 16:57:06', '0', '0', '787332', '787332', '2', 1, 63, '2021-03-12 21:57:06', '2021-03-12 21:57:06'),
(75, '2021-03-12 17:03:05', '0', '0', '133000', '133000', '2', 1, 64, '2021-03-12 22:03:05', '2021-03-12 22:03:05'),
(76, '2021-03-12 17:11:18', '0', '0', '127300', '127300', '2', 1, 65, '2021-03-12 22:11:18', '2021-03-12 22:11:18'),
(77, '2021-03-15 10:55:33', '0', '0', '210000', '210000', '2', 1, 66, '2021-03-15 15:55:33', '2021-03-15 15:55:33'),
(78, '2021-03-25 20:33:42', '0', '0', '733314', '733314', '2', 1, 67, '2021-03-26 01:33:42', '2021-03-26 01:33:42'),
(79, '2021-05-02 11:19:08', '0', '0', '266000', '266000', '2', 1, 68, '2021-05-02 16:19:08', '2021-05-02 16:19:08'),
(80, '2021-05-02 11:25:37', '0', '0', '90000', '90000', '2', 1, 69, '2021-05-02 16:25:37', '2021-05-02 16:25:37'),
(81, '2021-05-02 11:30:32', '0', '0', '60000', '60000', '2', 1, 70, '2021-05-02 16:30:32', '2021-05-02 16:30:32'),
(82, '2021-05-02 11:33:21', '0', '0', '60000', '60000', '2', 1, 71, '2021-05-02 16:33:21', '2021-05-02 16:33:21'),
(83, '2021-05-02 12:11:06', '0', '0', '74166', '74166', '2', 1, 72, '2021-05-02 17:11:06', '2021-05-02 17:11:06'),
(84, '2021-05-02 12:15:22', '0', '0', '60000', '60000', '2', 1, 73, '2021-05-02 17:15:22', '2021-05-02 17:15:22'),
(85, '2021-05-04 11:14:11', '0', '0', '60000', '60000', '2', 1, 74, '2021-05-04 16:14:11', '2021-05-04 16:14:11'),
(86, '2021-05-04 11:18:38', '0', '0', '150000', '150000', '2', 1, 75, '2021-05-04 16:18:38', '2021-05-04 16:18:38'),
(87, '2021-05-04 11:34:37', '0', '0', '208166', '208166', '2', 1, 76, '2021-05-04 16:34:37', '2021-05-04 16:34:37'),
(88, '2021-05-04 12:27:44', '0', '0', '134166', '134166', '2', 1, 77, '2021-05-04 17:27:44', '2021-05-04 17:27:44'),
(91, '2021-11-08 10:49:44', '0', '0', '601816', '601816', '2', 1, 80, '2021-11-08 15:49:44', '2021-11-08 15:49:44'),
(92, '2021-11-09 12:16:01', '0', '0', '120000', '120000', '2', 1, 81, '2021-11-09 17:16:01', '2021-11-09 17:16:01'),
(93, '2021-11-09 12:22:47', '0', '0', '210000', '210000', '2', 1, 82, '2021-11-09 17:22:47', '2021-11-09 17:22:47'),
(94, '2021-11-09 12:29:14', '0', '0', '194166', '194166', '2', 1, 83, '2021-11-09 17:29:14', '2021-11-09 17:29:14'),
(95, '2021-11-09 12:45:24', '0', '0', '194166', '194166', '2', 1, 84, '2021-11-09 17:45:24', '2021-11-09 17:45:24'),
(96, '2021-11-09 12:51:43', '0', '0', '386000', '386000', '2', 1, 85, '2021-11-09 17:51:43', '2021-11-09 17:51:43'),
(97, '2021-11-09 13:19:34', '0', '0', '193000', '193000', '2', 1, 86, '2021-11-09 18:19:34', '2021-11-09 18:19:34'),
(98, '2021-11-09 13:29:50', '0', '0', '180000', '180000', '2', 1, 87, '2021-11-09 18:29:50', '2021-11-09 18:29:50'),
(99, '2021-11-09 13:38:51', '0', '0', '120000', '120000', '2', 1, 88, '2021-11-09 18:38:51', '2021-11-09 18:38:51'),
(100, '2021-11-09 13:46:09', '0', '0', '120000', '120000', '2', 1, 89, '2021-11-09 18:46:09', '2021-11-09 18:46:09'),
(101, '2021-11-09 14:11:51', '0', '0', '60000', '60000', '2', 1, 90, '2021-11-09 19:11:51', '2021-11-09 19:11:51'),
(102, '2021-11-09 14:25:56', '0', '0', '120000', '120000', '2', 1, 91, '2021-11-09 19:25:56', '2021-11-09 19:25:56'),
(103, '2021-11-09 14:36:58', '0', '0', '120000', '120000', '2', 1, 92, '2021-11-09 19:36:58', '2021-11-09 19:36:58'),
(104, '2021-11-09 14:40:06', '0', '0', '120000', '120000', '2', 1, 93, '2021-11-09 19:40:06', '2021-11-09 19:40:06'),
(105, '2021-11-09 14:42:04', '0', '0', '120000', '120000', '2', 1, 94, '2021-11-09 19:42:04', '2021-11-09 19:42:04'),
(106, '2021-11-09 14:53:21', '0', '0', '120000', '120000', '2', 1, 95, '2021-11-09 19:53:21', '2021-11-09 19:53:21'),
(107, '2021-11-09 14:57:04', '0', '0', '120000', '120000', '2', 1, 96, '2021-11-09 19:57:04', '2021-11-09 19:57:04'),
(108, '2021-11-09 14:59:37', '0', '0', '120000', '120000', '2', 1, 97, '2021-11-09 19:59:37', '2021-11-09 19:59:37'),
(109, '2021-11-09 15:01:44', '0', '0', '120000', '120000', '2', 1, 98, '2021-11-09 20:01:44', '2021-11-09 20:01:44'),
(110, '2021-11-09 15:05:12', '0', '0', '120000', '120000', '2', 1, 99, '2021-11-09 20:05:12', '2021-11-09 20:05:12'),
(111, '2021-11-09 15:12:10', '0', '0', '120000', '120000', '2', 1, 100, '2021-11-09 20:12:10', '2021-11-09 20:12:10'),
(112, '2021-11-09 15:17:01', '0', '0', '120000', '120000', '2', 1, 101, '2021-11-09 20:17:01', '2021-11-09 20:17:01'),
(113, '2021-11-09 15:20:33', '0', '0', '120000', '120000', '2', 1, 102, '2021-11-09 20:20:33', '2021-11-09 20:20:33'),
(114, '2021-11-09 15:23:43', '0', '0', '120000', '120000', '2', 1, 103, '2021-11-09 20:23:43', '2021-11-09 20:23:43'),
(115, '2021-11-09 15:26:09', '0', '0', '120000', '120000', '2', 1, 104, '2021-11-09 20:26:09', '2021-11-09 20:26:09'),
(116, '2021-11-09 15:39:54', '0', '0', '120000', '120000', '2', 1, 105, '2021-11-09 20:39:54', '2021-11-09 20:39:54'),
(117, '2021-11-09 15:46:49', '0', '0', '120000', '120000', '2', 1, 106, '2021-11-09 20:46:49', '2021-11-09 20:46:49'),
(118, '2021-11-09 15:50:14', '0', '0', '120000', '120000', '2', 1, 107, '2021-11-09 20:50:14', '2021-11-09 20:50:14'),
(119, '2021-11-09 15:52:37', '0', '0', '120000', '120000', '2', 1, 108, '2021-11-09 20:52:37', '2021-11-09 20:52:37'),
(120, '2021-11-09 16:52:08', '0', '0', '388332', '388332', '2', 1, 109, '2021-11-09 21:52:08', '2021-11-09 21:52:08'),
(121, '2021-11-09 16:58:34', '0', '0', '194166', '194166', '2', 1, 110, '2021-11-09 21:58:34', '2021-11-09 21:58:34'),
(123, '2021-11-10 11:52:28', '0', '0', '254166', '254166', '2', 1, 112, '2021-11-10 16:52:28', '2021-11-10 16:52:28'),
(124, '2021-11-10 11:59:43', '0', '0', '194166', '194166', '2', 1, 113, '2021-11-10 16:59:43', '2021-11-10 16:59:43'),
(125, '2021-11-10 12:42:59', '0', '0', '194166', '194166', '2', 1, 114, '2021-11-10 17:42:59', '2021-11-10 17:42:59'),
(126, '2021-11-10 13:04:17', '0', '0', '194166', '194166', '2', 1, 115, '2021-11-10 18:04:17', '2021-11-10 18:04:17'),
(127, '2021-11-10 13:07:11', '0', '0', '194166', '194166', '2', 1, 116, '2021-11-10 18:07:11', '2021-11-10 18:07:11'),
(128, '2021-11-10 14:04:57', '0', '0', '194166', '194166', '2', 1, 117, '2021-11-10 19:04:57', '2021-11-10 19:04:57'),
(129, '2021-11-10 14:12:11', '0', '0', '134166', '134166', '2', 1, 118, '2021-11-10 19:12:11', '2021-11-10 19:12:11'),
(130, '2022-04-24 13:56:10', '0', '0', '265000', '265000', '2', 1, 119, '2022-04-24 18:56:10', '2022-04-24 18:56:10'),
(131, '2022-09-18 14:14:46', '90000', '8000', '98000', '40000', '2', 1, 120, '2022-09-18 19:14:46', '2022-11-06 19:26:49'),
(132, '2023-01-02 13:02:04', '240000', '8000', '248000', '248000', '2', 1, 121, '2023-01-02 18:02:04', '2023-01-02 18:02:04'),
(133, '2023-01-22 12:48:23', '277000', '8000', '285000', '285000', '2', 1, 122, '2023-01-22 17:48:23', '2023-01-22 17:48:23');

--
-- Índices para tablas volcadas
--

--
-- Indices de la tabla `audits`
--
ALTER TABLE `audits`
  ADD PRIMARY KEY (`id`),
  ADD KEY `audits_auditable_type_auditable_id_index` (`auditable_type`,`auditable_id`),
  ADD KEY `audits_user_id_user_type_index` (`user_id`,`user_type`);

--
-- Indices de la tabla `carritos`
--
ALTER TABLE `carritos`
  ADD PRIMARY KEY (`id`),
  ADD KEY `estado` (`estado`),
  ADD KEY `cliente_id` (`cliente_id`),
  ADD KEY `id_estado_cliente_index` (`id`,`estado`,`cliente_id`) USING BTREE;

--
-- Indices de la tabla `carrito_producto`
--
ALTER TABLE `carrito_producto`
  ADD PRIMARY KEY (`id`),
  ADD KEY `carrito_producto_carrito_id_foreign` (`carrito_id`) USING BTREE,
  ADD KEY `producto_referencia_id` (`producto_referencia_id`);

--
-- Indices de la tabla `categorias`
--
ALTER TABLE `categorias`
  ADD PRIMARY KEY (`id`);

--
-- Indices de la tabla `chats`
--
ALTER TABLE `chats`
  ADD PRIMARY KEY (`id`),
  ADD KEY `from_id` (`from_id`),
  ADD KEY `to_id` (`to_id`);

--
-- Indices de la tabla `clientes`
--
ALTER TABLE `clientes`
  ADD PRIMARY KEY (`id`),
  ADD KEY `user_id` (`user_id`);

--
-- Indices de la tabla `colores`
--
ALTER TABLE `colores`
  ADD PRIMARY KEY (`id`);

--
-- Indices de la tabla `color_producto`
--
ALTER TABLE `color_producto`
  ADD PRIMARY KEY (`id`),
  ADD KEY `color_producto_ibfk_1` (`color_id`),
  ADD KEY `color_producto_ibfk_2` (`producto_id`),
  ADD KEY `activo` (`activo`),
  ADD KEY `id_producto_id_activo` (`id`,`producto_id`,`activo`);

--
-- Indices de la tabla `compras`
--
ALTER TABLE `compras`
  ADD PRIMARY KEY (`id`),
  ADD KEY `compras_proveedor_id_foreign` (`proveedor_id`);

--
-- Indices de la tabla `compra_producto`
--
ALTER TABLE `compra_producto`
  ADD KEY `compra_producto_producto_id_foreign` (`producto_id`) USING BTREE,
  ADD KEY `compra_producto_compra_id_foreign` (`compra_id`) USING BTREE;

--
-- Indices de la tabla `configuracion`
--
ALTER TABLE `configuracion`
  ADD PRIMARY KEY (`id`);

--
-- Indices de la tabla `devoluciones`
--
ALTER TABLE `devoluciones`
  ADD PRIMARY KEY (`id`),
  ADD KEY `devoluciones_venta_id_foreign` (`venta_id`),
  ADD KEY `producto_referencia_id` (`producto_referencia_id`),
  ADD KEY `estado` (`estado`);

--
-- Indices de la tabla `envios`
--
ALTER TABLE `envios`
  ADD PRIMARY KEY (`id`),
  ADD KEY `venta_id` (`venta_id`);

--
-- Indices de la tabla `facturas`
--
ALTER TABLE `facturas`
  ADD PRIMARY KEY (`id`);

--
-- Indices de la tabla `imagenes`
--
ALTER TABLE `imagenes`
  ADD PRIMARY KEY (`id`),
  ADD KEY `imagenes_imageable_type_imageable_id_index` (`imageable_type`,`imageable_id`);

--
-- Indices de la tabla `migrations`
--
ALTER TABLE `migrations`
  ADD PRIMARY KEY (`id`);

--
-- Indices de la tabla `notifications`
--
ALTER TABLE `notifications`
  ADD PRIMARY KEY (`id`),
  ADD KEY `notifications_notifiable_type_notifiable_id_index` (`notifiable_type`,`notifiable_id`);

--
-- Indices de la tabla `oauth_access_tokens`
--
ALTER TABLE `oauth_access_tokens`
  ADD PRIMARY KEY (`id`),
  ADD KEY `oauth_access_tokens_user_id_index` (`user_id`);

--
-- Indices de la tabla `oauth_auth_codes`
--
ALTER TABLE `oauth_auth_codes`
  ADD PRIMARY KEY (`id`),
  ADD KEY `oauth_auth_codes_user_id_index` (`user_id`);

--
-- Indices de la tabla `oauth_clients`
--
ALTER TABLE `oauth_clients`
  ADD PRIMARY KEY (`id`),
  ADD KEY `oauth_clients_user_id_index` (`user_id`);

--
-- Indices de la tabla `oauth_personal_access_clients`
--
ALTER TABLE `oauth_personal_access_clients`
  ADD PRIMARY KEY (`id`);

--
-- Indices de la tabla `oauth_refresh_tokens`
--
ALTER TABLE `oauth_refresh_tokens`
  ADD PRIMARY KEY (`id`),
  ADD KEY `oauth_refresh_tokens_access_token_id_index` (`access_token_id`);

--
-- Indices de la tabla `pagos`
--
ALTER TABLE `pagos`
  ADD PRIMARY KEY (`id`),
  ADD KEY `venta_id` (`venta_id`),
  ADD KEY `estado` (`estado`);

--
-- Indices de la tabla `password_resets`
--
ALTER TABLE `password_resets`
  ADD KEY `password_resets_email_index` (`email`);

--
-- Indices de la tabla `pedidos`
--
ALTER TABLE `pedidos`
  ADD PRIMARY KEY (`id`),
  ADD KEY `pedidos_venta_id_foreign` (`venta_id`),
  ADD KEY `estado` (`estado`);

--
-- Indices de la tabla `productos`
--
ALTER TABLE `productos`
  ADD PRIMARY KEY (`id`),
  ADD KEY `producto_tipo_id` (`tipo_id`),
  ADD KEY `estado` (`estado`),
  ADD KEY `id_estado_id` (`id`,`estado`);

--
-- Indices de la tabla `producto_referencia`
--
ALTER TABLE `producto_referencia`
  ADD PRIMARY KEY (`id`),
  ADD KEY `talla_id` (`talla_id`),
  ADD KEY `producto_referencia_ibfk_4` (`color_producto_id`),
  ADD KEY `stock` (`stock`),
  ADD KEY `id_color_producto_id_stock_index` (`id`,`color_producto_id`,`stock`) USING BTREE;

--
-- Indices de la tabla `producto_venta`
--
ALTER TABLE `producto_venta`
  ADD PRIMARY KEY (`id`),
  ADD KEY `producto_venta_producto_id_foreign` (`producto_referencia_id`) USING BTREE,
  ADD KEY `producto_venta_venta_id_foreign` (`venta_id`) USING BTREE;

--
-- Indices de la tabla `proveedores`
--
ALTER TABLE `proveedores`
  ADD PRIMARY KEY (`id`),
  ADD UNIQUE KEY `proveedores_email_unique` (`email`);

--
-- Indices de la tabla `roles`
--
ALTER TABLE `roles`
  ADD PRIMARY KEY (`id`);

--
-- Indices de la tabla `subcategorias`
--
ALTER TABLE `subcategorias`
  ADD PRIMARY KEY (`id`),
  ADD KEY `subcategorias_categoria_id_foreign` (`categoria_id`);

--
-- Indices de la tabla `tallas`
--
ALTER TABLE `tallas`
  ADD PRIMARY KEY (`id`);

--
-- Indices de la tabla `talla_tipo`
--
ALTER TABLE `talla_tipo`
  ADD PRIMARY KEY (`id`),
  ADD KEY `talla_id` (`talla_id`),
  ADD KEY `tipo_id` (`tipo_id`);

--
-- Indices de la tabla `tipos`
--
ALTER TABLE `tipos`
  ADD PRIMARY KEY (`id`),
  ADD KEY `subcategoria_id` (`subcategoria_id`);

--
-- Indices de la tabla `users`
--
ALTER TABLE `users`
  ADD PRIMARY KEY (`id`),
  ADD UNIQUE KEY `users_email_unique` (`email`),
  ADD KEY `users_role_id_foreign` (`role_id`);

--
-- Indices de la tabla `ventas`
--
ALTER TABLE `ventas`
  ADD PRIMARY KEY (`id`),
  ADD KEY `ventas_cliente_id_foreign` (`cliente_id`),
  ADD KEY `factura_id` (`factura_id`),
  ADD KEY `estado` (`estado`);

--
-- AUTO_INCREMENT de las tablas volcadas
--

--
-- AUTO_INCREMENT de la tabla `audits`
--
ALTER TABLE `audits`
  MODIFY `id` bigint(20) UNSIGNED NOT NULL AUTO_INCREMENT, AUTO_INCREMENT=5;

--
-- AUTO_INCREMENT de la tabla `carritos`
--
ALTER TABLE `carritos`
  MODIFY `id` int(10) UNSIGNED NOT NULL AUTO_INCREMENT, AUTO_INCREMENT=157;

--
-- AUTO_INCREMENT de la tabla `carrito_producto`
--
ALTER TABLE `carrito_producto`
  MODIFY `id` int(11) NOT NULL AUTO_INCREMENT, AUTO_INCREMENT=274;

--
-- AUTO_INCREMENT de la tabla `categorias`
--
ALTER TABLE `categorias`
  MODIFY `id` int(10) UNSIGNED NOT NULL AUTO_INCREMENT, AUTO_INCREMENT=6;

--
-- AUTO_INCREMENT de la tabla `chats`
--
ALTER TABLE `chats`
  MODIFY `id` int(11) UNSIGNED NOT NULL AUTO_INCREMENT, AUTO_INCREMENT=95;

--
-- AUTO_INCREMENT de la tabla `clientes`
--
ALTER TABLE `clientes`
  MODIFY `id` int(10) UNSIGNED NOT NULL AUTO_INCREMENT, AUTO_INCREMENT=10;

--
-- AUTO_INCREMENT de la tabla `colores`
--
ALTER TABLE `colores`
  MODIFY `id` int(11) NOT NULL AUTO_INCREMENT, AUTO_INCREMENT=15;

--
-- AUTO_INCREMENT de la tabla `color_producto`
--
ALTER TABLE `color_producto`
  MODIFY `id` int(11) NOT NULL AUTO_INCREMENT, AUTO_INCREMENT=39;

--
-- AUTO_INCREMENT de la tabla `compras`
--
ALTER TABLE `compras`
  MODIFY `id` int(10) UNSIGNED NOT NULL AUTO_INCREMENT;

--
-- AUTO_INCREMENT de la tabla `configuracion`
--
ALTER TABLE `configuracion`
  MODIFY `id` int(10) NOT NULL AUTO_INCREMENT, AUTO_INCREMENT=2;

--
-- AUTO_INCREMENT de la tabla `devoluciones`
--
ALTER TABLE `devoluciones`
  MODIFY `id` int(10) UNSIGNED NOT NULL AUTO_INCREMENT, AUTO_INCREMENT=26;

--
-- AUTO_INCREMENT de la tabla `envios`
--
ALTER TABLE `envios`
  MODIFY `id` int(10) NOT NULL AUTO_INCREMENT, AUTO_INCREMENT=3;

--
-- AUTO_INCREMENT de la tabla `facturas`
--
ALTER TABLE `facturas`
  MODIFY `id` int(30) NOT NULL AUTO_INCREMENT, AUTO_INCREMENT=123;

--
-- AUTO_INCREMENT de la tabla `imagenes`
--
ALTER TABLE `imagenes`
  MODIFY `id` int(10) UNSIGNED NOT NULL AUTO_INCREMENT, AUTO_INCREMENT=107;

--
-- AUTO_INCREMENT de la tabla `migrations`
--
ALTER TABLE `migrations`
  MODIFY `id` int(10) UNSIGNED NOT NULL AUTO_INCREMENT, AUTO_INCREMENT=28;

--
-- AUTO_INCREMENT de la tabla `oauth_clients`
--
ALTER TABLE `oauth_clients`
  MODIFY `id` bigint(20) UNSIGNED NOT NULL AUTO_INCREMENT, AUTO_INCREMENT=9;

--
-- AUTO_INCREMENT de la tabla `oauth_personal_access_clients`
--
ALTER TABLE `oauth_personal_access_clients`
  MODIFY `id` bigint(20) UNSIGNED NOT NULL AUTO_INCREMENT, AUTO_INCREMENT=5;

--
-- AUTO_INCREMENT de la tabla `pagos`
--
ALTER TABLE `pagos`
  MODIFY `id` int(11) NOT NULL AUTO_INCREMENT, AUTO_INCREMENT=17;

--
-- AUTO_INCREMENT de la tabla `pedidos`
--
ALTER TABLE `pedidos`
  MODIFY `id` int(10) UNSIGNED NOT NULL AUTO_INCREMENT, AUTO_INCREMENT=120;

--
-- AUTO_INCREMENT de la tabla `productos`
--
ALTER TABLE `productos`
  MODIFY `id` int(10) UNSIGNED NOT NULL AUTO_INCREMENT, AUTO_INCREMENT=50;

--
-- AUTO_INCREMENT de la tabla `producto_referencia`
--
ALTER TABLE `producto_referencia`
  MODIFY `id` int(11) NOT NULL AUTO_INCREMENT, AUTO_INCREMENT=39;

--
-- AUTO_INCREMENT de la tabla `producto_venta`
--
ALTER TABLE `producto_venta`
  MODIFY `id` int(11) NOT NULL AUTO_INCREMENT, AUTO_INCREMENT=263;

--
-- AUTO_INCREMENT de la tabla `proveedores`
--
ALTER TABLE `proveedores`
  MODIFY `id` int(10) UNSIGNED NOT NULL AUTO_INCREMENT, AUTO_INCREMENT=2;

--
-- AUTO_INCREMENT de la tabla `roles`
--
ALTER TABLE `roles`
  MODIFY `id` int(10) UNSIGNED NOT NULL AUTO_INCREMENT, AUTO_INCREMENT=3;

--
-- AUTO_INCREMENT de la tabla `subcategorias`
--
ALTER TABLE `subcategorias`
  MODIFY `id` int(10) UNSIGNED NOT NULL AUTO_INCREMENT, AUTO_INCREMENT=8;

--
-- AUTO_INCREMENT de la tabla `tallas`
--
ALTER TABLE `tallas`
  MODIFY `id` int(11) NOT NULL AUTO_INCREMENT, AUTO_INCREMENT=8;

--
-- AUTO_INCREMENT de la tabla `talla_tipo`
--
ALTER TABLE `talla_tipo`
  MODIFY `id` int(30) NOT NULL AUTO_INCREMENT, AUTO_INCREMENT=31;

--
-- AUTO_INCREMENT de la tabla `tipos`
--
ALTER TABLE `tipos`
  MODIFY `id` int(11) NOT NULL AUTO_INCREMENT, AUTO_INCREMENT=10;

--
-- AUTO_INCREMENT de la tabla `users`
--
ALTER TABLE `users`
  MODIFY `id` int(10) UNSIGNED NOT NULL AUTO_INCREMENT, AUTO_INCREMENT=14;

--
-- AUTO_INCREMENT de la tabla `ventas`
--
ALTER TABLE `ventas`
  MODIFY `id` int(10) UNSIGNED NOT NULL AUTO_INCREMENT, AUTO_INCREMENT=134;

--
-- Restricciones para tablas volcadas
--

--
-- Filtros para la tabla `carritos`
--
ALTER TABLE `carritos`
  ADD CONSTRAINT `carritos_cliente_id_foreign` FOREIGN KEY (`cliente_id`) REFERENCES `clientes` (`id`) ON DELETE CASCADE ON UPDATE CASCADE;

--
-- Filtros para la tabla `carrito_producto`
--
ALTER TABLE `carrito_producto`
  ADD CONSTRAINT `articulo_carrito_carrito_id_foreign` FOREIGN KEY (`carrito_id`) REFERENCES `carritos` (`id`) ON DELETE CASCADE,
  ADD CONSTRAINT `carrito_producto_ibfk_1` FOREIGN KEY (`producto_referencia_id`) REFERENCES `producto_referencia` (`id`);

--
-- Filtros para la tabla `chats`
--
ALTER TABLE `chats`
  ADD CONSTRAINT `chats_ibfk_1` FOREIGN KEY (`from_id`) REFERENCES `users` (`id`),
  ADD CONSTRAINT `chats_ibfk_2` FOREIGN KEY (`to_id`) REFERENCES `users` (`id`);

--
-- Filtros para la tabla `clientes`
--
ALTER TABLE `clientes`
  ADD CONSTRAINT `clientes_user_id_foreign` FOREIGN KEY (`user_id`) REFERENCES `users` (`id`);

--
-- Filtros para la tabla `color_producto`
--
ALTER TABLE `color_producto`
  ADD CONSTRAINT `color_producto_ibfk_1` FOREIGN KEY (`color_id`) REFERENCES `colores` (`id`) ON DELETE CASCADE ON UPDATE CASCADE,
  ADD CONSTRAINT `color_producto_ibfk_2` FOREIGN KEY (`producto_id`) REFERENCES `productos` (`id`) ON DELETE CASCADE ON UPDATE CASCADE;

--
-- Filtros para la tabla `compras`
--
ALTER TABLE `compras`
  ADD CONSTRAINT `compras_proveedor_id_foreign` FOREIGN KEY (`proveedor_id`) REFERENCES `proveedores` (`id`);

--
-- Filtros para la tabla `compra_producto`
--
ALTER TABLE `compra_producto`
  ADD CONSTRAINT `articulo_compra_articulo_id_foreign` FOREIGN KEY (`producto_id`) REFERENCES `productos` (`id`),
  ADD CONSTRAINT `articulo_compra_compra_id_foreign` FOREIGN KEY (`compra_id`) REFERENCES `compras` (`id`);

--
-- Filtros para la tabla `devoluciones`
--
ALTER TABLE `devoluciones`
  ADD CONSTRAINT `devoluciones_ibfk_1` FOREIGN KEY (`producto_referencia_id`) REFERENCES `producto_referencia` (`id`),
  ADD CONSTRAINT `devoluciones_venta_id_foreign` FOREIGN KEY (`venta_id`) REFERENCES `ventas` (`id`);

--
-- Filtros para la tabla `envios`
--
ALTER TABLE `envios`
  ADD CONSTRAINT `envios_ibfk_1` FOREIGN KEY (`venta_id`) REFERENCES `ventas` (`id`);

--
-- Filtros para la tabla `pagos`
--
ALTER TABLE `pagos`
  ADD CONSTRAINT `pagos_ibfk_1` FOREIGN KEY (`venta_id`) REFERENCES `ventas` (`id`) ON DELETE CASCADE ON UPDATE CASCADE;

--
-- Filtros para la tabla `pedidos`
--
ALTER TABLE `pedidos`
  ADD CONSTRAINT `pedidos_venta_id_foreign` FOREIGN KEY (`venta_id`) REFERENCES `ventas` (`id`) ON DELETE CASCADE;

--
-- Filtros para la tabla `productos`
--
ALTER TABLE `productos`
  ADD CONSTRAINT `productos_ibfk_1` FOREIGN KEY (`tipo_id`) REFERENCES `tipos` (`id`);

--
-- Filtros para la tabla `producto_referencia`
--
ALTER TABLE `producto_referencia`
  ADD CONSTRAINT `producto_referencia_ibfk_3` FOREIGN KEY (`talla_id`) REFERENCES `tallas` (`id`) ON DELETE CASCADE ON UPDATE CASCADE,
  ADD CONSTRAINT `producto_referencia_ibfk_4` FOREIGN KEY (`color_producto_id`) REFERENCES `color_producto` (`id`) ON DELETE CASCADE ON UPDATE CASCADE;

--
-- Filtros para la tabla `producto_venta`
--
ALTER TABLE `producto_venta`
  ADD CONSTRAINT `articulo_venta_venta_id_foreign` FOREIGN KEY (`venta_id`) REFERENCES `ventas` (`id`) ON DELETE CASCADE,
  ADD CONSTRAINT `producto_venta_ibfk_1` FOREIGN KEY (`producto_referencia_id`) REFERENCES `producto_referencia` (`id`);

--
-- Filtros para la tabla `subcategorias`
--
ALTER TABLE `subcategorias`
  ADD CONSTRAINT `subcategorias_categoria_id_foreign` FOREIGN KEY (`categoria_id`) REFERENCES `categorias` (`id`);

--
-- Filtros para la tabla `talla_tipo`
--
ALTER TABLE `talla_tipo`
  ADD CONSTRAINT `talla_tipo_ibfk_1` FOREIGN KEY (`talla_id`) REFERENCES `tallas` (`id`),
  ADD CONSTRAINT `talla_tipo_ibfk_2` FOREIGN KEY (`tipo_id`) REFERENCES `tipos` (`id`);

--
-- Filtros para la tabla `tipos`
--
ALTER TABLE `tipos`
  ADD CONSTRAINT `tipos_ibfk_1` FOREIGN KEY (`subcategoria_id`) REFERENCES `subcategorias` (`id`);

--
-- Filtros para la tabla `users`
--
ALTER TABLE `users`
  ADD CONSTRAINT `users_role_id_foreign` FOREIGN KEY (`role_id`) REFERENCES `roles` (`id`);

--
-- Filtros para la tabla `ventas`
--
ALTER TABLE `ventas`
  ADD CONSTRAINT `ventas_cliente_id_foreign` FOREIGN KEY (`cliente_id`) REFERENCES `clientes` (`id`),
  ADD CONSTRAINT `ventas_ibfk_1` FOREIGN KEY (`factura_id`) REFERENCES `facturas` (`id`);
COMMIT;

/*!40101 SET CHARACTER_SET_CLIENT=@OLD_CHARACTER_SET_CLIENT */;
/*!40101 SET CHARACTER_SET_RESULTS=@OLD_CHARACTER_SET_RESULTS */;
/*!40101 SET COLLATION_CONNECTION=@OLD_COLLATION_CONNECTION */;
